id,domain,status,purchase_price,renewal_price,attractiveness,demand,length,registrar,created_at,expires_at,status_verified_at
7f4c44ce-0c26-4488-a248-66b819d2ecbb,manifestly.autos,available,1.8,21.98,medium,low,10,namecheap,,,08/09/2026 20:23
babfa425-038f-4dc7-bbfd-c28258c7c2f2,senseless.autos,available,1.8,21.98,medium,low,9,namecheap,,,03/09/2026 17:48
181563ce-7659-49ae-a121-844af290b01b,gibbous.autos,available,1.8,19.98,medium,low,7,namecheap,,,13/08/2026 07:44
4713ff0e-571e-432c-9c1d-5eeae1780bd7,broadway.autos,available,1.8,21.98,high,low,8,namecheap,,,24/09/2026 10:38
823c43f1-cfc1-4aab-bd39-3ffdaf6e91db,reputable.autos,available,1.8,21.98,high,low,9,namecheap,,,09/09/2026 14:45
bd09827e-e240-4981-af6a-8b1b6a6ee22c,remote.autos,resell,684.64,,high,medium,6,"NameCheap, Inc.",16/12/2025 21:33,16/12/2026 23:59,26/09/2026 08:35
8b51789d-5679-43d6-a0a6-2248030c554a,descend.autos,available,1.99,15.75,high,low,7,namesilo,,,
ea99ef88-ed97-4992-a89e-c8542bacb54e,anecdotal.autos,available,1.8,19.98,medium,low,9,namecheap,,,
d4346342-8392-4cde-81d3-3173fcac1e2c,madison.autos,premium,832,832,high,low,7,namesilo,,,08/09/2026 13:09
bf80125e-8a97-49f0-b3d4-51094ac3eb2c,measurable.autos,available,1.8,19.98,high,low,10,namecheap,,,24/08/2026 18:27
c56f6af1-3dd1-4e79-8a15-c61e3dba1215,anyway.autos,available,1.54,14.21,medium,low,6,porkbun,,,27/09/2026 22:14
07cc2dad-f6fc-4b9c-89b5-8f09358bb68f,triumph.autos,premium,2660,2660,high,high,7,namesilo,,,24/09/2026 19:43
70d83343-ee47-4323-854f-8fe37b613d7b,disrepair.autos,available,1.99,17.29,high,low,9,namesilo,,,24/09/2026 23:02
b0b11b9c-9ce6-4b19-aaca-447a35a74bb3,exulting.autos,available,1.8,19.98,high,low,8,namecheap,,,17/08/2026 19:44
dfea7f86-59a2-44f2-93f5-4b31abf2f627,collector.autos,resell,,,high,low,9,Porkbun LLC,22/12/2025 04:43,22/12/2026 23:59,26/09/2026 05:06
173626ef-37e6-49bd-b124-35301bc44f1a,gravel.autos,available,1.8,21.98,high,low,6,namecheap,,,21/09/2026 17:36
f4563b1a-dd22-4c81-bf32-2b81023eb13f,nazarene.autos,available,1.8,19.98,high,low,8,namecheap,,,14/08/2026 23:06
45905f1e-2ee5-4b33-a585-4e7018b4a70a,mendacious.autos,available,1.8,19.98,medium,low,10,namecheap,,,24/08/2026 20:04
745fcfdc-a555-4603-80e8-76e31e1d5b2b,macleod.autos,available,1.99,25.99,medium,low,7,godaddy,,,28/09/2026 02:12
c6158089-bca5-45e7-9b6f-9cd4401112a2,canton.autos,available,1.99,17.29,high,low,6,namesilo,,,23/09/2026 16:10
e0412be3-aa6b-4603-b3e0-f952ea1b04e0,deviant.autos,available,1.8,19.98,high,low,7,namecheap,,,
f0f02cf3-5281-41c9-91da-06d0fd1ad0dd,palpatory.autos,available,1.8,21.98,medium,low,9,namecheap,,,05/09/2026 00:12
99de4ff3-0f1d-4b0b-9139-d2fd0c64b29e,metacarpal.autos,available,1.8,19.98,medium,low,10,namecheap,,,24/08/2026 21:30
2c58e0db-b28b-48fb-84b3-7b9dfb186226,surrender.autos,available,1.99,17.29,high,low,9,namesilo,,,25/09/2026 14:32
0c2cf061-944d-4edb-a9cb-6be8d28f772c,unlocking.autos,available,1.99,,high,low,9,name.com,,,
f5f84387-c459-4d4e-88aa-282254d0dca1,mown.autos,available,1.8,19.98,medium,low,4,namecheap,,,25/08/2026 09:14
79ac22fe-f24c-4cfc-8595-d0b45bdfe342,fright.autos,available,1.99,17.29,medium,low,6,namesilo,,,17/09/2026 14:50
23a90fa5-c11b-4e9e-8397-cdaa449be837,contextual.autos,available,1.8,19.98,high,low,10,namecheap,,,12/08/2026 23:13
0a51886f-28c2-495d-8cd8-be4090ff3552,blackfish.autos,available,1.8,21.98,medium,low,9,namecheap,,,24/09/2026 01:55
22dcc8fb-a074-4814-83b7-9a7b953e5141,whilst.autos,available,1.99,,medium,low,6,name.com,,,
308e382b-0d88-42b4-8d16-4dfff088967a,aqueduct.autos,available,1.8,21.98,high,low,8,namecheap,,,19/09/2026 23:10
4d319f83-0d69-428b-ae9a-9871ff213a4d,caller.autos,available,1.8,19.98,high,low,6,namecheap,,,11/08/2026 14:28
76964450-ef10-46f0-b8f9-b9d129fa4679,costume.autos,premium,2600,2600,high,low,7,namecheap,,,24/09/2026 18:31
6bc73a52-1cab-4b0e-bbf4-b8332b51953e,zealous.autos,available,1.8,21.98,high,low,7,namecheap,,,13/09/2026 15:10
25d575c7-aa97-4513-ab2e-17c653ea0305,provoking.autos,available,1.8,19.98,high,low,9,namecheap,,,
b4519ed7-16e0-4b70-a820-f2c84a573a87,apocynum.autos,available,1.8,21.98,medium,low,8,namecheap,,,19/09/2026 18:15
5df07397-07ca-4b97-90a5-dcc8f44bd051,explode.autos,available,1.8,21.98,high,low,7,namecheap,,,27/09/2026 16:32
0d16a17d-3be1-4e6c-8e97-31e710d1df03,graspable.autos,available,1.8,19.98,medium,low,9,namecheap,,,06/08/2026 08:18
79d5fe29-2df9-4e7e-85ee-426271a8b401,wryly.autos,available,1.99,17.29,medium,low,5,namesilo,,,16/09/2026 11:46
91f777cb-ae3b-419f-ba79-efcdeb10809a,semirigid.autos,available,1.8,21.98,medium,low,9,namecheap,,,10/09/2026 03:19
516a07cb-0b0f-4b70-af35-af47a5618af2,storytellers.autos,available,1.99,17.29,high,low,12,namesilo,,,20/09/2026 12:55
b01d5496-d377-40d1-97ae-5adc49e9c633,alkyl.autos,available,1.8,21.98,medium,low,5,namecheap,,,18/09/2026 08:34
149b311e-1bf8-4a5b-9366-c7fcb25cc5ad,analyzer.autos,available,1.99,17.29,high,low,8,namesilo,,,19/09/2026 01:55
2d17c84c-2f8d-4975-8adb-d0f72655e360,blusher.autos,available,1.99,17.29,medium,low,7,namesilo,,,18/09/2026 15:49
2e30f6f3-793d-4b14-b8d0-28962b6b0f2b,alocasia.autos,available,1.99,17.29,medium,low,8,namesilo,,,18/09/2026 12:56
d10b7cdc-5ef5-4684-9c11-82df16f7444c,starless.autos,available,1.8,21.98,medium,low,8,namecheap,,,10/09/2026 18:52
6609ef94-4e7b-4d85-bd6d-bd1b274f4fec,desmond.autos,available,1.99,17.29,high,low,7,namesilo,,,26/09/2026 03:14
9694c1d5-f655-4fac-9d47-279d25bf6671,eyes.autos,available,1.99,15.75,high,low,4,namesilo,,,
91beb44f-79d7-40b7-a32e-eeaed8e0819e,neem.autos,available,1.99,17.29,high,low,4,namesilo,,,20/09/2026 05:40
a037e32c-1118-40f0-80ee-70e5ef5b7c1f,adjuster.autos,available,1.99,17.29,high,low,8,namesilo,,,17/09/2026 08:32
6da84134-9a53-49bc-a79a-d88076e209b6,objected.autos,available,1.99,17.29,medium,low,8,namesilo,,,18/09/2026 23:50
04e8ce7d-df86-4879-920c-4aa2ccce75f5,ghastly.autos,available,1.8,19.98,medium,low,7,namecheap,,,12/08/2026 02:39
dea9815f-9804-449b-91e9-e313664a8444,timorous.autos,available,1.8,21.98,medium,low,8,namecheap,,,11/09/2026 16:05
e7e34538-ecb6-4a22-b326-76d1ce6a8a93,hurried.autos,available,1.8,19.98,high,low,7,namecheap,,,21/08/2026 15:45
38d95af0-8a4e-4ad9-b5c1-a04e44920ff9,condense.autos,available,1.99,15.75,high,low,8,namesilo,,,
45028028-e12a-40fb-8f8f-7f7e84b2c0df,rustic.autos,available,1.8,19.98,high,low,6,namecheap,,,
1b7bdfed-eacb-4054-9a26-e28fcce12d73,aum.autos,available,1.99,17.29,high,low,3,namesilo,,,21/09/2026 04:10
79e609f6-0e31-4162-9ea3-df56d81252eb,flit.autos,available,1.8,19.98,high,low,4,namecheap,,,18/08/2026 07:46
a04b60eb-714b-4be1-91e9-824a06aefb99,appreciate.autos,available,1.99,17.29,high,low,10,namesilo,,,27/09/2026 06:44
95e5e4a0-32da-4add-8c96-8660d3dd939c,arguments.autos,available,1.8,21.98,medium,low,9,namecheap,,,16/09/2026 05:03
44a234cc-8250-4b08-a404-869a91f78202,marvell.autos,available,1.99,17.29,high,low,7,namesilo,,,19/09/2026 04:47
fed39859-d182-405e-9d5d-4bfad5190431,adage.autos,available,1.99,17.29,high,low,5,namesilo,,,17/09/2026 06:09
c16a3f46-afaa-45c7-867a-93682b98fe76,resolved.autos,available,1.99,17.29,high,low,8,namesilo,,,27/09/2026 12:25
4c1dbcfa-89cc-40c1-9820-07788c174279,tireless.autos,available,1.8,19.98,high,low,8,namecheap,,,21/08/2026 00:49
1a056494-4ceb-4708-8575-f28be21380e8,unsugared.autos,available,1.8,21.98,low,low,9,namecheap,,,12/09/2026 20:48
f4bad05c-1f5b-4c0b-b2ac-124d7febbb3c,viva.autos,premium,2600,2600,high,medium,4,namecheap,,,04/09/2026 17:24
5cc9f9a2-26bc-4d48-9070-f6b7556d3116,carlton.autos,available,1.99,17.29,high,low,7,namesilo,,,25/09/2026 15:21
116c3b27-43dc-4055-9b9a-1f0b38c31148,quantal.autos,available,1.8,21.98,high,low,7,namecheap,,,09/09/2026 07:28
effaa44a-432a-4b44-9d3a-11693a9324c4,impede.autos,available,1.8,19.98,medium,low,6,namecheap,,,21/08/2026 09:28
b8456c75-ee1d-4e07-98ae-a733ce5c5390,amour.autos,available,1.8,21.98,high,low,5,namecheap,,,17/09/2026 14:07
ff5d73fa-93f3-441a-8c80-f65dc680dcbf,palatable.autos,available,1.8,21.98,high,low,9,namecheap,,,04/09/2026 23:15
42131cea-9edb-4cb2-8af9-0222891f50c7,bypast.autos,available,1.8,19.98,medium,low,6,namecheap,,,11/08/2026 12:08
3710bb09-ecdb-4584-a3d5-8ad7e8f28039,notional.autos,available,1.8,19.98,high,low,8,namecheap,,,12/08/2026 20:01
b2f3cd21-cfa5-4bbf-8445-2261a98fa6ea,serrated.autos,available,1.8,21.98,medium,low,8,namecheap,,,03/09/2026 22:08
89277708-f84c-49c3-adbf-a309a8f33561,wood.autos,premium,832,832,high,medium,4,namesilo,,,25/09/2026 05:31
05f6f061-79b7-4813-9393-360a1b88f638,pamela.autos,premium,812.5,,high,low,6,name.com,,,
5c2a77d7-51cb-40a6-8494-5a3fb55794c2,termed.autos,available,1.99,17.29,medium,low,6,namesilo,,,19/09/2026 00:21
63138324-17e6-42cc-810d-27a0fa4d2c5b,recipient.autos,available,1.99,,high,low,9,name.com,,,
124c8c80-f822-41f5-b8c7-ae333c755651,speculate.autos,available,1.99,,high,low,9,name.com,,,
ead62b36-5005-4bf2-9d5c-1ae4a61aebc9,lutecium.autos,available,1.8,21.98,medium,low,8,namecheap,,,20/09/2026 23:39
1cd7566d-16ef-4325-a072-5049ed8713a7,anabaptist.autos,available,1.99,17.29,medium,low,10,namesilo,,,19/09/2026 00:49
69e7abf9-55f6-44c6-ae50-4bfde3e29ebc,fleshy.autos,available,1.8,19.98,medium,low,6,namecheap,,,18/08/2026 08:02
11524cca-7bd7-447d-87d1-0b5b9deb6b78,credibly.autos,available,1.8,21.98,medium,low,8,namecheap,,,14/09/2026 09:26
0a9fd831-ada5-462b-82eb-2a463b9ca9fe,historied.autos,available,1.8,19.98,medium,low,9,namecheap,,,21/08/2026 09:53
8ffa51ab-2d0d-4f5b-b6e9-d057f633eae2,cumulate.autos,available,1.8,19.98,high,low,8,namecheap,,,12/08/2026 21:52
53e36abc-3642-43a6-9617-ae5dcfc50195,scandium.autos,available,1.99,17.29,medium,low,8,namesilo,,,20/09/2026 22:34
bef53f4c-f2e0-47a6-a9fa-46162e087eb5,beneath.autos,available,1.99,15.75,medium,low,7,namesilo,,,
be8a5117-d843-4f0f-948e-3c4deb0c6532,iliac.autos,available,1.8,19.98,medium,low,5,namecheap,,,21/08/2026 18:45
9b630098-f822-4b3e-99c1-3d443fe30088,slenderize.autos,available,1.8,21.98,medium,low,10,namecheap,,,10/09/2026 10:53
37e9f087-4aa8-4bb5-937f-40a87aafe80c,plastic.autos,resell,1.99,,high,low,7,Dynadot Inc,28/08/2026 15:40,28/08/2027 23:59,26/09/2026 08:11
e240d0e8-7beb-411f-b8a4-96ffba3f116c,chicness.autos,available,1.8,19.98,high,low,8,namecheap,,,12/08/2026 04:44
1ddeff41-0fcc-43ea-a1f5-5551011b9b79,brainless.autos,available,1.8,19.98,medium,low,9,namecheap,,,11/08/2026 01:41
1a6a0cad-7a97-446d-8cbd-cd3c0a918d70,office.autos,premium,2070.2,2070.2,high,medium,6,spaceship,,,28/09/2026 05:35
5be81e02-da81-4b6a-9ef7-6f25bcb9236c,james.autos,premium,812.5,,high,medium,5,name.com,,,
274b3f79-ef11-4b25-9944-1275e7098f61,ameba.autos,available,1.8,21.98,medium,low,5,namecheap,,,18/09/2026 17:40
4166b74d-445a-4f9d-bf82-b5e947574e6e,decadent.autos,available,1.8,19.98,high,low,8,namecheap,,,13/08/2026 20:50
9bfd9a8e-dc38-4033-bc8b-27982e11496f,liar.autos,available,1.99,17.29,high,low,4,namesilo,,,27/09/2026 14:44
274c686c-244d-46f6-b60c-8403f1dac59e,anisoptera.autos,available,1.8,21.98,medium,low,10,namecheap,,,19/09/2026 09:34
cdbacd4e-c59f-493a-8d3f-c60dcc607e5b,lasting.autos,available,1.99,17.29,high,low,7,namesilo,,,24/09/2026 12:31
a515ebd3-91c6-43d9-aebb-b959b3ff779d,dormie.autos,available,1.8,19.98,medium,low,6,namecheap,,,14/08/2026 16:21
7ef5b278-5329-4521-abf2-e33aa7fa2ec2,cecilia.autos,available,1.8,21.98,medium,low,7,namecheap,,,26/09/2026 03:37
0bfe4d8d-8f59-496b-8264-cee09a15c5ea,flimsy.autos,available,1.8,19.98,medium,low,6,namecheap,,,18/08/2026 08:15
2925200f-3359-44c6-9f8e-85bae23e7941,azonic.autos,available,1.8,19.98,medium,low,6,namecheap,,,08/08/2026 02:32
fc53d819-21b8-414f-8880-94b302e43ad8,flowerbed.autos,available,1.8,21.98,high,low,9,namecheap,,,22/09/2026 22:58
69f98f58-a9ce-4672-a86c-51d746cf6bdc,verbosely.autos,available,1.8,21.98,medium,low,9,namecheap,,,15/09/2026 12:43
657decf4-f9e8-4707-95f3-ce74f8dae035,algebra.autos,available,1.8,21.98,high,low,7,namecheap,,,18/09/2026 06:54
6bb58f7c-29fc-4084-be69-cc74515ab58f,agnes.autos,available,1.99,17.29,high,low,5,namesilo,,,25/09/2026 14:30
8dac5ff1-0eff-4ee1-ab1d-9cdde7c7509a,bioko.autos,available,1.8,21.98,medium,low,5,namecheap,,,23/09/2026 18:17
27a78ddb-447e-4410-b9fc-6ae6f2ef1e0b,frail.autos,available,1.8,19.98,high,low,5,namecheap,,,18/08/2026 13:59
6ee5940d-fe5a-4278-baaa-575caa006d54,reversible.autos,available,1.99,17.29,high,low,10,namesilo,,,27/09/2026 14:17
b654283b-baa0-43d3-abc5-a3d78c148e44,desirous.autos,available,1.8,19.98,medium,low,8,namecheap,,,14/08/2026 03:49
411cbdd3-d0b9-46b7-b9b2-386b36a64930,shivering.autos,available,1.8,21.98,high,medium,9,namecheap,,,10/09/2026 06:40
5a7c789a-cd52-41da-b1e7-27ed7de28d11,fussy.autos,available,1.8,19.98,medium,low,5,namecheap,,,08/08/2026 07:47
bca29416-6f7b-45e0-8ccf-3a9ecd4117f5,studious.autos,available,1.8,19.98,high,low,8,namecheap,,,10/08/2026 19:10
8f6248c1-3ccd-4ec9-a82f-69d7e0286490,controls.autos,available,1.24,13.97,medium,low,8,spaceship,,,27/09/2026 23:26
7fb0c354-3842-4d77-b3e6-3921c4f2baec,aquilegia.autos,available,1.99,17.29,medium,low,9,namesilo,,,19/09/2026 23:13
ead9a68b-ec40-498a-8393-afded6039499,splay.autos,available,1.8,21.98,medium,low,5,namecheap,,,10/09/2026 16:06
e084c862-fd62-4135-8cd1-4bff5d77e899,unwashed.autos,available,1.8,21.98,medium,low,8,namecheap,,,08/09/2026 21:02
13c6279a-0b18-4dc5-b90f-2caa4f2dd08d,donkeywork.autos,available,1.8,21.98,medium,low,10,namecheap,,,08/09/2026 21:22
4d05d095-a564-4dd8-8083-13a6e57dfbce,leggy.autos,available,1.8,19.98,medium,low,5,namecheap,,,22/08/2026 22:57
bffe9cf5-1a7f-4219-b98b-8d1e7bfe18fe,steakhouse.autos,available,1.99,17.29,high,low,10,namesilo,,,24/09/2026 14:46
477a7dbe-b543-46d3-8be5-72ae1296771c,sundown.autos,available,1.8,21.98,high,low,7,namecheap,,,11/09/2026 02:12
af8c2ec4-bb42-40e2-be16-96069fd006f9,dominate.autos,available,1.8,21.98,high,low,8,namecheap,,,16/09/2026 01:33
e30f788b-a8bc-449e-81d7-3319b9fc344b,blame.autos,available,1.8,19.98,high,low,5,namecheap,,,10/08/2026 12:37
bf192a84-51ee-45fb-a08e-b3fcbdeb573f,imuran.autos,available,1.8,21.98,medium,low,6,namecheap,,,21/09/2026 11:01
a7314046-0692-41d3-8983-ae946ab74eac,spicy.autos,available,1.99,17.29,high,low,5,namesilo,,,24/09/2026 22:14
2783622c-2833-4628-bd12-a53c7392441b,moronic.autos,available,1.8,19.98,medium,low,7,namecheap,,,25/08/2026 06:35
89bc47e0-d7e3-4fa1-ac45-9cc7dc125974,lxxxi.autos,available,1.8,19.98,medium,low,5,namecheap,,,
f05113a0-0993-4a7c-9a91-cedb94223e35,uml.autos,available,1.99,,high,low,3,name.com,,,
a2e1f7dd-6d63-464e-a0bf-c555c606deda,gaza.autos,available,1.99,17.29,medium,low,4,namesilo,,,25/09/2026 06:23
582f237e-8863-4a59-bcd0-b82e184d955f,chock.autos,available,1.8,21.98,medium,low,5,namecheap,,,14/09/2026 06:47
93090007-ab2f-4bcf-bb45-1cdf6c9be3af,speechless.autos,available,1.99,17.29,medium,low,10,namesilo,,,19/09/2026 16:52
9b7f5b5d-834e-4cbe-b726-c1367257c737,arcsecond.autos,available,1.99,17.29,medium,low,9,namesilo,,,20/09/2026 02:41
df07356a-5137-4e39-96e4-41f8658c0ed4,velvetleaf.autos,available,1.8,21.98,medium,low,10,namecheap,,,16/09/2026 19:24
2dbfb725-1329-4f0b-9315-f7d27143c36e,sapphic.autos,available,1.8,19.98,medium,low,7,namecheap,,,23/08/2026 00:18
da5275fe-2714-4ec0-9fb9-09b248d74761,maimed.autos,available,1.8,19.98,medium,low,6,namecheap,,,24/08/2026 13:20
c38ac5e4-8852-40f5-9672-a0dcb5395bf8,waiter.autos,available,1.99,,high,low,6,name.com,,,
d936019b-98ed-4606-897e-4ab11c8f9a6d,lawyer.autos,premium,812.5,,high,low,6,name.com,,,
25c917d7-9336-425d-96c6-1a86e2f79068,aliveness.autos,available,1.8,21.98,high,low,9,namecheap,,,18/09/2026 08:09
5e6f08c3-6b1f-4a2f-b8dc-a49589b73c55,referable.autos,available,1.8,19.98,medium,low,9,namecheap,,,07/08/2026 01:28
a95d562a-e6a3-457e-baf3-802a6309d76c,apocope.autos,available,1.8,21.98,medium,low,7,namecheap,,,19/09/2026 18:11
518f49ab-d837-4b1d-9174-9b38a91916e6,sadness.autos,available,1.99,,high,low,7,name.com,,,
d6afd580-ce79-442e-8e58-6ec9d22f6d20,colombian.autos,available,1.8,19.98,high,low,9,namecheap,,,12/08/2026 17:18
4bdd1572-0a43-4e8c-a567-40041fb6d605,shopworn.autos,available,1.8,19.98,medium,low,8,namecheap,,,08/08/2026 11:06
a2f6dbcc-3ca5-4226-a648-dfa46604551e,pinnated.autos,available,1.8,21.98,high,medium,8,namecheap,,,08/09/2026 19:49
78a41174-ff64-4762-b8df-d410479cb870,brinjal.autos,available,1.99,20.99,high,low,7,name.com,,,21/09/2026 02:34
c0e8f44d-7fd3-4229-8612-aac6c23d2be3,toddler.autos,available,1.99,,high,low,7,name.com,,,
2e1385fe-c7af-4de3-b9ce-1851e0758340,footless.autos,available,1.8,19.98,medium,low,8,namecheap,,,18/08/2026 10:45
49b7367a-e2d8-47ee-b099-ed5482302dff,ferret.autos,available,1.99,17.29,high,low,6,namesilo,,,23/09/2026 23:49
7224a7f9-5659-486f-ab85-cf7035739af0,bhutanese.autos,available,1.8,19.98,medium,low,9,namecheap,,,09/08/2026 18:24
b6353e41-4ede-453f-8756-89c572340988,recovering.autos,available,1.99,17.29,high,low,10,namesilo,,,23/09/2026 22:44
0acacb2e-0f88-4c26-ae20-4d7af3d65ff8,publication.autos,available,1.99,,high,low,11,name.com,,,
e04f7036-283c-403f-af28-5c3182f128d3,downwind.autos,available,1.8,19.98,medium,low,8,namecheap,,,14/08/2026 18:03
ece3c5da-b768-46c0-b775-86d5705a94d2,file.autos,available,1.8,21.98,high,medium,4,namecheap,,,24/09/2026 21:00
1c2de1aa-fac4-47b1-b9b8-9979f5fda77f,notes.autos,available,1.99,,high,low,5,name.com,,,
dfbda73f-f189-4ded-9c9e-2ae83ea80483,toasted.autos,available,1.8,21.98,high,low,7,namecheap,,,11/09/2026 16:35
93711a75-9437-405f-8d7d-6e9f791a4fc2,lenten.autos,available,1.8,19.98,medium,low,6,namecheap,,,22/08/2026 23:48
e587603b-2982-435b-b301-87d61a4f14bd,frore.autos,available,1.8,19.98,low,low,5,namecheap,,,18/08/2026 16:21
4710a5e5-a7e8-4e62-92d7-2ce6bce0152f,pochard.autos,available,1.99,17.29,medium,low,7,namesilo,,,21/09/2026 10:48
35762318-b955-43f3-a04b-bbc6f96e887f,schooling.autos,available,1.99,17.29,high,low,9,namesilo,,,28/09/2026 02:34
da21d5ce-3e4b-4473-b58e-39a1b1f1ba39,betimes.autos,available,1.8,21.98,medium,low,7,namecheap,,,13/09/2026 23:59
c0d3d955-4ec1-435d-93a2-4e92b4b2e6f8,favorably.autos,available,1.8,21.98,high,low,9,namecheap,,,14/09/2026 18:00
5a59b2be-9bce-499a-ac11-3c021b51ac4a,arrows.autos,available,1.99,17.29,medium,low,6,namesilo,,,17/09/2026 06:24
dfbe1960-1761-4e41-a78c-9d666d3f0750,beatnik.autos,available,1.8,21.98,high,low,7,namecheap,,,22/09/2026 21:43
061d1c3d-5cff-47a8-876a-4c50ca39b9d8,scattered.autos,available,1.8,19.98,medium,low,9,namecheap,,,14/08/2026 11:23
8956eb72-a5ac-4c93-be6c-1b3292e05be2,wreck.autos,available,1.99,17.29,high,low,5,namesilo,,,27/09/2026 05:55
da61a7a9-6242-45dc-9059-f6bc35b9b4de,ashram.autos,available,1.8,21.98,high,low,6,namecheap,,,20/09/2026 13:58
07a706f0-09a8-42d8-b6d4-ed53b562d587,broadloom.autos,available,1.8,19.98,medium,low,9,namecheap,,,11/08/2026 04:59
bbf13612-bc73-4811-a38a-fb302036679d,reachable.autos,available,1.8,21.98,high,low,9,namecheap,,,09/09/2026 10:55
09d17a3c-5284-4a36-8552-95d613a3ffaf,arteria.autos,available,1.99,17.29,high,low,7,namesilo,,,20/09/2026 10:30
3820df84-63cd-4876-a2f9-1f681b93828c,managers.autos,available,1.99,17.29,medium,low,8,namesilo,,,20/09/2026 10:01
25c99fc6-c7fb-4407-a2dd-7c0414f792c0,dedicate.autos,available,1.99,15.75,high,low,8,namesilo,,,
1c3a17df-7632-49b1-a963-d88fc77cf42c,aphis.autos,available,1.8,21.98,medium,low,5,namecheap,,,19/09/2026 17:05
4ff9ccec-98c0-417a-8105-88e46c8ffff6,tasking.autos,available,1.99,,medium,low,7,name.com,,,
a4ec0969-ce9a-421a-b27e-6313c2aaf08e,unmapped.autos,available,1.8,19.98,medium,low,8,namecheap,,,12/08/2026 02:55
25ee4cb1-2b29-4792-b5ef-031f30d2e6c4,foiled.autos,available,1.8,19.98,medium,low,6,namecheap,,,14/08/2026 09:27
eb023b55-184a-4265-b559-45fe9672d5cc,unbent.autos,available,1.8,21.98,medium,low,6,namecheap,,,12/09/2026 01:50
589c40e5-f158-4034-a514-0aa48f762ebd,estimators.autos,available,1.99,17.29,medium,low,10,namesilo,,,20/09/2026 23:34
32ec65de-7dcb-4c6f-b64d-7ef7bb6222b1,unmerciful.autos,available,1.8,19.98,medium,low,10,namecheap,,,24/08/2026 20:38
a43e50e7-47aa-4239-9fdf-5bb8701f453f,cops.autos,available,1.99,17.29,high,low,4,namesilo,,,18/09/2026 22:05
76658d76-f7e8-4d55-800a-7d5f0779cfcb,bride.autos,available,1.99,17.29,high,low,5,namesilo,,,24/09/2026 10:31
6cb8d83d-d1dd-4933-90cf-92e15d5c2610,spiked.autos,available,1.8,21.98,high,medium,6,namecheap,,,10/09/2026 15:37
da94d4e3-33a0-4656-80f1-79eb6452903a,pilotless.autos,available,1.8,21.98,high,medium,9,namecheap,,,08/09/2026 19:42
2def45e9-d66b-48de-be5e-783f12f2b2b9,ceylonese.autos,available,1.8,19.98,high,low,9,namecheap,,,12/08/2026 01:10
e85345ae-b97c-4a95-b806-ca5951fc99d4,cutaneal.autos,available,1.99,20.99,medium,low,8,name.com,,,13/08/2026 12:57
63f4032f-c977-4716-9b36-7d0bd30d3850,gmail.autos,premium,2660,2660,high,high,5,namesilo,,,27/09/2026 06:01
531a8b83-93b5-4b97-98d2-8647ac5dfb2e,contour.autos,available,1.99,17.29,high,low,7,namesilo,,,24/09/2026 17:43
b742f384-48a0-498a-aeba-4be9b5aaf7d9,prostrate.autos,available,1.8,21.98,high,low,9,namecheap,,,09/09/2026 03:57
529a4e7b-e2d7-4321-84ab-271eecb799fa,purulent.autos,available,1.8,21.98,high,medium,8,namecheap,,,09/09/2026 06:30
a0016f5c-8e89-4af2-91d8-5d709a1b1ae2,accelerator.autos,available,1.24,13.97,high,low,11,spaceship,,,28/09/2026 02:37
306e0b09-98ef-433a-9bf7-1c4b77802f9e,fop.autos,available,1.99,20.99,medium,low,3,name.com,,,13/08/2026 17:09
42e06d05-8699-4dca-a38f-822e12565072,badmouth.autos,available,1.8,19.98,medium,low,8,namecheap,,,24/08/2026 14:04
403c05f2-ea4d-4c94-ad1c-7704d4d8c07c,corresponding.autos,available,1.99,15.75,medium,low,13,namesilo,,,
b6408819-2bef-4d02-880b-bf91ee1577cb,unreadable.autos,available,1.8,19.98,medium,low,10,namecheap,,,22/08/2026 02:25
39c740ac-a3c5-4a03-ac8b-ce764fea0c55,quieter.autos,available,1.99,,high,low,7,name.com,,,
c73c76e3-6ff2-4420-b461-f31b2b747d70,sufficient.autos,available,1.99,25.99,high,low,10,godaddy,,,28/09/2026 01:52
3f04d23e-fabe-45fa-9f84-79eac15eb767,appal.autos,available,1.99,17.29,medium,low,5,namesilo,,,18/09/2026 01:52
79559594-7ecc-4309-b96e-19a57d63ed20,pleb.autos,available,1.8,21.98,medium,low,4,namecheap,,,08/09/2026 21:04
09eca5fe-028c-488f-a4c4-42643fb13cf7,mixer.autos,available,1.8,21.98,high,medium,5,namecheap,,,10/09/2026 13:09
5603c178-35ab-4729-b600-c98247f3b07b,cloudberry.autos,available,1.8,21.98,medium,low,10,namecheap,,,21/09/2026 20:03
aa3d153f-b77c-41ab-92df-b301322e0259,clapper.autos,available,1.8,21.98,medium,low,7,namecheap,,,19/09/2026 20:51
e6136044-3b4d-438b-96c1-e9b0c6199d78,dicey.autos,available,1.8,19.98,medium,low,5,namecheap,,,12/08/2026 01:44
0e1eff76-2729-46de-9d4b-379d9e72654e,hep.autos,available,1.8,19.98,high,low,3,namecheap,,,21/08/2026 06:44
a1d53626-06c5-4673-a3b0-fd249e45370e,frivolous.autos,available,1.8,19.98,medium,low,9,namecheap,,,18/08/2026 16:04
1511c77f-b7ba-47ee-9566-f96d4ef244a0,sharon.autos,premium,832,832,high,low,6,namesilo,,,27/09/2026 06:30
a08caf9d-4226-4c40-acdc-629c653d19de,thereabout.autos,available,1.8,21.98,medium,low,10,namecheap,,,16/09/2026 08:39
723d608f-7972-4c95-b070-d283cb3f4588,laic.autos,available,1.8,19.98,medium,low,4,namecheap,,,22/08/2026 18:47
1ad99f87-faa0-4533-b68f-dd3cd86b7047,basilar.autos,available,1.8,19.98,medium,low,7,namecheap,,,08/08/2026 22:16
1f40d348-0604-479d-8763-6178be8393eb,gibson.autos,premium,2600,2600,high,low,6,namecheap,,,18/09/2026 14:55
91673cf9-a5c4-4a26-b60e-1bdc910f4d4f,blister.autos,available,1.99,17.29,high,low,7,namesilo,,,24/09/2026 05:20
b4083e6a-ea55-4561-9d9f-0ff554907e8d,shrek.autos,available,1.99,,high,medium,5,name.com,,,
ffe87cee-31fa-4d8c-8432-da8ff634e118,applier.autos,available,1.8,21.98,medium,low,7,namecheap,,,19/09/2026 21:54
59c1dd21-57c5-4a26-b783-c4b5431811e6,pains.autos,available,1.99,17.29,high,low,5,namesilo,,,28/09/2026 06:29
88a06b12-5edc-438d-a670-6ef4dcec7db8,babbling.autos,available,1.99,17.29,high,low,8,namesilo,,,21/09/2026 12:23
dada98c1-9cb9-4b78-af55-56a2f2aa6077,dozens.autos,available,1.8,21.98,high,low,6,namecheap,,,14/09/2026 23:20
8761469e-5959-4d36-8c4c-5ca9e27fd7d2,needle.autos,available,1.99,,high,low,6,name.com,,,
37fbeae2-a39d-4f55-ad19-d4c8bb8816c2,antigua.autos,available,1.99,17.29,high,low,7,namesilo,,,19/09/2026 14:32
f25385fe-bc77-473b-9c3d-54628083b94a,franciscan.autos,available,1.8,19.98,high,low,10,namecheap,,,18/08/2026 14:06
6fda023c-ee4b-4f48-a8a0-f249918c90f5,bathrobe.autos,available,1.99,17.29,high,low,8,namesilo,,,22/09/2026 13:50
7ba7dbd2-9a55-4ba7-b05d-9d80b80caf02,mountains.autos,available,1.8,21.98,medium,low,9,namecheap,,,17/09/2026 17:48
f9b769e1-8e03-4c2c-a248-868c53ee2447,asmera.autos,available,1.99,17.29,medium,low,6,namesilo,,,20/09/2026 14:30
b13f3e52-bde8-4ab9-8f6f-f3e08c79715c,strait.autos,available,1.8,21.98,medium,low,6,namecheap,,,10/09/2026 21:53
e482e02e-772f-4edd-b35c-e992a9142157,unpopular.autos,available,1.8,21.98,medium,low,9,namecheap,,,12/09/2026 17:11
f31185d2-49b1-408f-8f1d-55f464fd9acd,arulo.autos,available,1.99,17.29,medium,low,5,namesilo,,,20/09/2026 12:11
f2b0d035-3ad4-4e14-84e4-b3ced7a2f92b,complaining.autos,available,1.24,13.97,high,low,11,spaceship,,,27/09/2026 17:47
2f007bb8-62e8-4e65-b792-56072aad5660,fretted.autos,available,1.8,19.98,medium,low,7,namecheap,,,18/08/2026 15:24
1fc1e6f8-3af8-4f12-bfb0-235ff91b20df,downturn.autos,available,1.99,17.29,medium,low,8,namesilo,,,24/09/2026 23:42
0bace6b8-ecd5-47f1-9a0f-dcfe670f9892,stitched.autos,available,1.8,21.98,high,low,8,namecheap,,,10/09/2026 05:09
d4064b0e-2af2-401e-9b31-5bfffa0210e2,kiev.autos,available,1.99,,high,low,4,name.com,,,
e9186880-4a02-414a-84f7-b6f403818260,stakes.autos,available,1.8,21.98,high,low,6,namecheap,,,23/09/2026 10:49
44c7ad8c-943a-4423-a6bd-bde9e277c620,loved.autos,available,1.99,17.29,high,low,5,namesilo,,,25/09/2026 14:27
fef26962-2a18-4b6a-8647-91c1111b3769,lying.autos,available,1.99,,high,low,5,name.com,,,
e4116aab-13d1-42a9-97b4-441c16ffb463,pram.autos,available,1.99,17.29,high,low,4,namesilo,,,21/09/2026 13:20
a16dabbb-057f-4246-bc7e-15bdd3aeebc6,axial.autos,available,1.8,21.98,high,low,5,namecheap,,,22/09/2026 15:33
7b70db9a-9b96-4e6e-af17-247d826770be,oaten.autos,available,1.8,21.98,medium,low,5,namecheap,,,03/09/2026 23:28
62ace5ce-92af-4643-bf40-df3f38ffd831,fabricated.autos,available,1.8,19.98,medium,low,10,namecheap,,,17/08/2026 20:15
5d5adbed-9c28-4f91-93a8-5e3aa8324b0b,sizeable.autos,available,1.8,19.98,high,low,8,namecheap,,,20/08/2026 16:40
5daf6319-9fcd-4fb7-b497-d50e39438e55,unmarked.autos,available,1.8,21.98,medium,low,8,namecheap,,,04/09/2026 21:06
3eb95aef-d004-48bd-be2c-3b37000b5df8,acrodont.autos,available,1.99,17.29,medium,low,8,namesilo,,,17/09/2026 03:41
abe71623-96c0-46d6-a117-789d973598ae,mosey.autos,available,1.99,17.29,medium,low,5,namesilo,,,18/09/2026 17:00
4b024c6b-fb3e-4ae2-bd97-1744216b05ca,wakeful.autos,available,1.8,21.98,medium,low,7,namecheap,,,04/09/2026 16:03
684d433b-8e04-4f8d-bd40-a671c07d568e,deft.autos,available,1.8,19.98,high,low,4,namecheap,,,13/08/2026 23:50
e71ee655-102d-4adb-8879-9d03630855a1,coplanar.autos,available,1.8,19.98,medium,low,8,namecheap,,,13/08/2026 00:32
abe52dde-33ff-45b3-ac07-18eb528c9732,clause.autos,available,1.99,20.99,high,low,6,name.com,,,24/09/2026 15:20
5e6e8779-c1b9-4083-a4a6-03328a852085,hectic.autos,available,1.8,19.98,high,low,6,namecheap,,,18/08/2026 03:09
a9c8e31b-7867-406c-84e3-5ce2dc058ee1,peaking.autos,available,1.99,,high,low,7,name.com,,,
06a319b2-8b68-4211-8414-883a61528320,crepuscle.autos,available,1.8,21.98,medium,low,9,namecheap,,,11/09/2026 21:50
f546415a-5ebf-41a7-9e65-ead28524ebf9,convene.autos,available,1.99,15.75,high,low,7,namesilo,,,
9b8747eb-b264-4f24-b505-6ff1fb991e67,equatorial.autos,available,1.8,19.98,high,low,10,namecheap,,,17/08/2026 11:40
08ef3613-f998-473d-8a9e-75ec91d25532,miserly.autos,available,1.8,19.98,medium,low,7,namecheap,,,24/08/2026 23:45
72f8b672-b7e3-48ea-b860-11b0a3e8542d,bricole.autos,available,1.99,17.29,medium,low,7,namesilo,,,20/09/2026 00:36
059ffb13-467a-41a3-ace1-154f987ce7a3,baseline.autos,available,1.99,17.29,high,low,8,namesilo,,,22/09/2026 10:15
a9076a12-c8d4-43cc-8f0d-989cb7db63e4,appellate.autos,available,1.8,19.98,medium,low,9,namecheap,,,06/08/2026 06:18
71dfa6a5-33eb-42da-b6d1-6f9d38efc68a,motivated.autos,available,1.8,19.98,high,low,9,namecheap,,,25/08/2026 07:31
f5e0bdf6-34ac-4982-9c83-e21b1225e08e,smash.autos,available,1.99,17.29,high,low,5,namesilo,,,22/09/2026 17:11
feafd552-0e51-460c-ba79-613c109ba93c,tannic.autos,available,1.8,21.98,medium,low,6,namecheap,,,11/09/2026 08:01
f256068c-141a-49b3-be6b-8e0ca5cfc4f2,assegai.autos,available,1.8,21.98,medium,low,7,namecheap,,,20/09/2026 15:40
b98a6a9b-a6ff-46ba-aa2d-8c4cef0cd41e,jules.autos,available,1.99,17.29,high,low,5,namesilo,,,25/09/2026 15:01
8c4d0af6-a151-486f-b845-79658a56faf4,prank.autos,available,1.99,17.29,high,low,5,namesilo,,,22/09/2026 06:23
1014c20b-5158-4e18-9aa2-6a62772a2e58,apart.autos,available,1.99,17.29,high,low,5,namesilo,,,22/09/2026 07:07
94b81042-8776-4945-a1aa-a0bd297e7051,stomachic.autos,available,1.8,19.98,medium,low,9,namecheap,,,18/08/2026 20:37
4f8d6b86-ea5e-4066-8ba6-788ef36ec8b4,knocking.autos,available,1.99,17.29,high,low,8,namesilo,,,25/09/2026 08:51
113f2e44-09ee-4210-a0e8-a42fa0bb995b,covariant.autos,available,1.8,19.98,medium,low,9,namecheap,,,13/08/2026 04:05
369775aa-557c-4464-b4f2-183b09fe42ce,credible.autos,available,1.8,19.98,high,low,8,namecheap,,,09/08/2026 12:56
37872a59-6e5a-4fff-9b82-5c9f86be106f,amity.autos,available,1.99,17.29,high,low,5,namesilo,,,18/09/2026 21:57
91be70c1-c09a-46f9-b0fa-b034c8cacef6,diocesan.autos,available,1.8,19.98,medium,low,8,namecheap,,,14/08/2026 08:18
7d86ac6e-9dd2-492e-b5fa-962e3ae70cd0,sneezes.autos,available,1.99,17.29,medium,low,7,namesilo,,,20/09/2026 09:46
5c228d83-7dd2-4c7d-b807-a6d05204c64d,thirdly.autos,available,1.8,21.98,medium,low,7,namecheap,,,11/09/2026 13:39
bf376885-9d07-4105-b184-5cd88324fe0c,fugal.autos,available,1.8,19.98,medium,low,5,namecheap,,,18/08/2026 17:38
f96fbea2-fa36-45d6-b363-e2514e50d28c,transparent.autos,available,1.99,,high,low,11,name.com,,,
5262df2f-5219-4548-b64a-ab3553a0b1e5,abbot.autos,available,1.99,17.29,medium,low,5,namesilo,,,16/09/2026 14:31
4ab6b47e-d79c-4fae-9d5d-7a46562cb62d,thrashing.autos,available,1.8,21.98,medium,low,9,namecheap,,,13/09/2026 07:54
8d626cc1-f166-46ed-8adc-77b814bf77b9,intact.autos,available,1.8,19.98,high,low,6,namecheap,,,22/08/2026 07:49
2c4188ea-d32c-412b-8c64-2ebe8cc3d87b,goosey.autos,available,1.8,19.98,medium,low,6,namecheap,,,14/08/2026 16:06
8268fc78-317f-4d5f-ab24-641261b53d25,regular.autos,available,1.99,17.29,high,low,7,namesilo,,,27/09/2026 11:38
0d31bf23-3b7d-4f8f-876c-ec832e7d8443,concoct.autos,available,1.99,15.75,high,low,7,namesilo,,,
1b2ab98e-16a0-41fa-a7ce-652c3ce6ea9c,ohmic.autos,available,1.8,21.98,medium,low,5,namecheap,,,04/09/2026 01:46
53dcc188-a076-49fb-aa0f-57a7ad8d6863,asbestos.autos,available,1.99,17.29,high,low,8,namesilo,,,20/09/2026 12:54
04f43f11-e6f2-4278-9128-697450e71a64,crisp.autos,available,1.99,17.29,high,low,5,namesilo,,,24/09/2026 01:53
d72424a1-108b-40ca-a632-413f882de669,acknowledged.autos,available,1.99,,high,low,12,name.com,,,
3fd56d82-1fa1-40a3-84c6-4b3f44dd0f17,ordinance.autos,available,1.8,21.98,high,low,9,namecheap,,,09/09/2026 13:13
84f5164a-8bc5-4663-a806-de6360a9a31b,dodgy.autos,available,1.8,19.98,medium,low,5,namecheap,,,12/08/2026 01:46
1c598bad-d598-408e-86a1-e9d9df43404d,tyrolean.autos,available,1.8,21.98,medium,low,8,namecheap,,,11/09/2026 22:33
0f8e49fc-d9ff-4f10-8e67-6f34328fa48f,devolve.autos,available,1.8,19.98,medium,low,7,namecheap,,,13/08/2026 23:59
b12fa08f-2eb2-4419-86e0-5cf9863e3e19,massively.autos,available,1.8,21.98,medium,low,9,namecheap,,,15/09/2026 13:35
a4709c62-a9d1-4461-8b0d-fb98d6bf5352,ariocarpus.autos,available,1.99,17.29,medium,low,10,namesilo,,,20/09/2026 05:32
2c821d4b-914f-40b9-bc99-bdb82e7d02b7,insecure.autos,available,1.8,19.98,high,low,8,namecheap,,,22/08/2026 06:42
2aec1e0e-a8e5-4373-9b05-b02cd30beb4b,monetary.autos,available,1.8,21.98,high,low,8,namecheap,,,25/09/2026 21:29
4c190a75-6467-448b-b850-04f68758993f,diagonally.autos,available,1.8,21.98,medium,low,10,namecheap,,,14/09/2026 12:34
928373f5-62f2-459e-8e12-b57fca366628,impious.autos,available,1.8,19.98,medium,low,7,namecheap,,,21/08/2026 22:21
a98282bd-36da-47cd-854b-591c631993ba,neonate.autos,available,1.8,21.98,medium,low,7,namecheap,,,03/09/2026 16:44
375755b1-6e32-486e-9e57-22b4e6388aad,permission.autos,available,1.99,17.29,high,low,10,namesilo,,,25/09/2026 09:53
ce1fc22a-242a-463a-8e69-94f452cb955c,keynes.autos,available,1.8,21.98,medium,low,6,namecheap,,,25/09/2026 23:18
b58ee8f3-caf0-4bfc-9d3e-f39599336ece,epicene.autos,available,1.8,19.98,medium,low,7,namecheap,,,12/08/2026 08:38
77738064-6b80-44fe-b0a2-4c7244cb50a4,libby.autos,available,1.99,14.45,high,low,5,dynadot,,,28/09/2026 02:15
912281da-75bc-49ad-aa07-d197f09ffbc4,allele.autos,available,1.99,17.29,medium,low,6,namesilo,,,18/09/2026 10:44
5478b202-2b02-41a3-a6a6-282eda86fe3f,aether.autos,available,1.99,17.29,high,medium,6,namesilo,,,17/09/2026 13:40
0935ccc1-c192-455d-9ee0-e35520e9cd33,subsets.autos,available,1.99,17.29,medium,low,7,namesilo,,,21/09/2026 01:05
d170bb28-f42e-4936-ac1f-11accae0a0fe,ranking.autos,available,1.8,21.98,high,low,7,namecheap,,,27/09/2026 09:40
a91fe5ee-e36c-465c-8a18-e7cc7792a678,aurous.autos,available,1.8,19.98,medium,low,6,namecheap,,,07/08/2026 17:31
99ff3f3c-b86d-441d-9a03-2210a9204f6f,shivaree.autos,available,1.99,17.29,medium,low,8,namesilo,,,23/09/2026 06:07
3efa2f35-16d7-4025-b53e-2fe841a85d31,makeover.autos,premium,812.5,,high,low,9,name.com,,,
505e025b-5204-46f2-a1bb-78091fa68887,bema.autos,available,1.99,17.29,high,low,4,namesilo,,,23/09/2026 07:15
7372b946-e37d-4476-880b-592f804b9b29,whitefish.autos,available,1.99,,medium,low,10,name.com,,,
2c95c91b-60e7-43e4-8c8e-eb11b4714459,reservoir.autos,available,1.99,17.29,high,low,9,namesilo,,,20/09/2026 11:41
ca3f07a9-8866-4211-ae42-60df5e0e79f0,authoriser.autos,available,1.99,17.29,medium,low,10,namesilo,,,21/09/2026 05:16
7f2c03ab-67ac-4b6c-8279-1ef38a41dd51,bible.autos,available,1.99,,high,medium,5,name.com,,,
3ea7b06b-e689-4dde-82f4-1d11898a65f1,maximizing.autos,available,1.8,19.98,high,low,10,namecheap,,,24/08/2026 17:56
d5899559-1265-481e-b6fa-186ce3f5f0e7,dionysian.autos,available,1.8,19.98,medium,low,9,namecheap,,,14/08/2026 08:24
7db6460e-2a56-466d-9a03-26c32e5a919a,insisted.autos,available,1.99,17.29,medium,low,8,namesilo,,,27/09/2026 23:35
dbd963e3-928d-40d1-92c5-d9e11c9c4043,arbiter.autos,available,1.99,17.29,high,low,7,namesilo,,,20/09/2026 00:41
5e7e6ef4-406c-40b0-a97e-8e532d7c4292,macabre.autos,available,1.8,19.98,medium,low,7,namecheap,,,18/08/2026 23:19
cecfdbc1-c94b-486f-8b68-d92f9e3ac906,harlot.autos,available,1.99,20.99,medium,low,6,name.com,,,13/08/2026 14:19
36f321a0-c8e1-471a-9637-2e70d55d6c1a,media.autos,premium,845,15.73,high,medium,5,namecheap,,,
4445ed2e-7db0-4b35-8a62-fa56a11b4e50,swingy.autos,available,1.8,19.98,medium,low,6,namecheap,,,23/08/2026 09:29
30a1ca34-c00b-410d-a2d7-e40e201dd26f,infancy.autos,available,1.99,17.29,high,low,7,namesilo,,,21/09/2026 13:47
fc38d3e9-a283-40db-9396-2cdf633a3da3,fleecy.autos,available,1.8,19.98,medium,low,6,namecheap,,,18/08/2026 07:42
72de0f7e-7fb5-4fe9-9b6a-42c6422dbd4b,removed.autos,available,1.99,17.29,high,low,7,namesilo,,,26/09/2026 00:50
9234b0cc-4016-4783-82ba-91dd7c2e6d95,orthodox.autos,available,1.8,19.98,high,low,8,namecheap,,,14/08/2026 22:55
f15263f6-a2c1-41af-b2ea-9a0f6672fb09,stainable.autos,available,1.8,21.98,low,low,9,namecheap,,,10/09/2026 18:12
3073b974-efd3-4128-a8a5-0383b7b46fdb,they.autos,available,1.99,,high,low,4,name.com,,,
173afebb-863f-4e07-af05-54cad863fd0f,germfree.autos,available,1.8,19.98,medium,low,8,namecheap,,,18/08/2026 22:48
a0342ac3-c3b2-4e9b-ac82-135510cef96b,grimly.autos,available,1.8,21.98,medium,low,6,namecheap,,,14/09/2026 22:25
aa1dd9dd-8844-4747-a8b1-d8bfbcc3b6bb,dans.autos,available,1.99,17.29,medium,low,4,namesilo,,,28/09/2026 04:35
1a121145-88b4-4cfc-8d8a-4c9d95f27711,cloning.autos,available,1.8,21.98,high,low,7,namecheap,,,24/09/2026 15:52
3d3fc998-d2b4-4fdb-b9b7-dcdc1f30b546,sue.autos,available,1.99,,high,low,3,name.com,,,
7d9a656d-be7b-4741-a0e9-0a902b98b681,lendable.autos,available,1.8,19.98,high,low,8,namecheap,,,22/08/2026 23:35
a504404a-4e74-4f4d-94be-723578c2435a,mode.autos,available,1.99,,high,low,4,name.com,,,
8e165321-770b-47d4-9bd0-ea353b163f20,bartholdi.autos,available,1.99,17.29,medium,low,9,namesilo,,,22/09/2026 09:11
676525f9-621f-4960-8e58-dfee211d8657,grump.autos,available,1.8,19.98,medium,low,5,namecheap,,,13/08/2026 04:58
d91bc484-ed41-4146-8874-a3477b11a925,leaving.autos,available,1.99,17.29,high,low,7,namesilo,,,24/09/2026 22:37
c16869c5-c3f6-47e6-9674-b8f4f614d2b5,fatuous.autos,available,1.8,19.98,low,low,7,namecheap,,,07/08/2026 02:39
ae44ebc0-a066-4480-a257-bca8fb9f5d98,height.autos,available,1.8,21.98,high,low,6,namecheap,,,25/09/2026 19:39
57cbebd3-dfaa-4335-b65b-3242051ab9e5,limbic.autos,available,1.8,19.98,medium,low,6,namecheap,,,23/08/2026 11:49
bd01e4bf-3a7e-432b-adf6-c151cc72e7ca,statuesque.autos,available,1.8,19.98,medium,low,10,namecheap,,,22/08/2026 14:32
7b07c189-b1b9-4aea-aba4-97a3476d7e17,amide.autos,available,1.8,21.98,high,low,5,namecheap,,,18/09/2026 21:35
0ef18964-649c-4acd-99ae-de3eae811441,misconduct.autos,available,1.99,17.29,medium,low,10,namesilo,,,17/09/2026 05:28
350ffeb4-74f3-41d0-a5fd-2ac4de72fdd9,pallor.autos,available,1.99,17.29,medium,low,6,namesilo,,,17/09/2026 01:07
5c972382-6277-4ecb-aa59-37804f3c9d30,beamy.autos,available,1.8,19.98,medium,low,5,namecheap,,,09/08/2026 04:18
47ae564d-c229-4e70-a0dc-9cdb7e1801cb,symbolic.autos,available,1.8,19.98,high,low,8,namecheap,,,16/08/2026 09:31
e74a5247-bdc0-498d-b701-1db6eb8691db,untanned.autos,available,1.8,21.98,medium,low,8,namecheap,,,12/09/2026 21:00
3b2dcad9-edec-4550-9b2e-6b0181c01ef2,enate.autos,available,1.8,19.98,medium,low,5,namecheap,,,16/08/2026 21:18
629af4fc-a363-4004-8d72-58ea12efd52a,nasally.autos,available,1.8,21.98,medium,low,7,namecheap,,,15/09/2026 16:10
28e3a43d-060a-4c8a-8651-abf17adcedb4,awareness.autos,available,1.99,15.75,high,low,9,namesilo,,,
f6bed53f-2c36-4a21-91a9-9628140b5dbf,abstractor.autos,available,1.8,21.98,medium,low,10,namecheap,,,16/09/2026 18:29
19a37456-5f23-42d6-a71e-7c23361e1a64,humdrum.autos,available,1.8,19.98,medium,low,7,namecheap,,,21/08/2026 15:05
b0cd7fc3-6086-4079-a91d-ce128e3ed5ff,anecdotist.autos,available,1.99,17.29,medium,low,10,namesilo,,,19/09/2026 05:08
11163e7a-4acf-4307-a0af-07e30168cf03,apogean.autos,available,1.8,19.98,medium,low,7,namecheap,,,06/08/2026 01:57
1c13b550-61b5-4553-990c-b6eb6f4dd76d,precipitous.autos,available,1.99,,medium,low,11,name.com,,,
d5be64b6-5f4d-456f-80f0-e3a46a35ed00,finitely.autos,available,1.8,21.98,medium,low,8,namecheap,,,14/09/2026 18:35
90426e95-350e-4d54-a271-530120a2a044,shavian.autos,available,1.8,21.98,high,medium,7,namecheap,,,10/09/2026 06:09
d459fe39-2a36-4216-b2e3-e9fa82c368bb,ducal.autos,available,1.8,19.98,medium,low,5,namecheap,,,14/08/2026 20:44
4d5f246a-ba67-49f8-87fc-46a500a63990,bullets.autos,available,1.8,21.98,high,low,7,namecheap,,,25/09/2026 19:55
2658b566-380a-46c9-b425-32ff2eb39dc1,dryness.autos,available,1.99,17.29,high,low,7,namesilo,,,24/09/2026 22:51
a3fd3b85-99df-48bb-b788-a51906ec269c,advise.autos,available,1.99,17.29,high,low,6,namesilo,,,27/09/2026 03:36
3db97ffe-aac0-4b8f-b53c-2fcfeda370c1,nigerien.autos,available,1.8,21.98,medium,low,8,namecheap,,,03/09/2026 17:14
1ee6a9fb-587f-4508-bbff-5424ecd86fbe,biform.autos,available,1.8,19.98,medium,low,6,namecheap,,,09/08/2026 20:07
bf5c3ad6-c2ff-45da-ba0d-a6210d249397,stretch.autos,resell,,,high,low,7,"Spaceship, Inc.",22/02/2026 17:45,22/02/2027 23:59,26/09/2026 09:21
2addc405-e3c3-40a6-abda-48eb6a01c104,date.autos,available,1.99,17.29,high,low,4,namesilo,,,25/09/2026 09:16
a8f08213-5efb-4bfa-9cf6-1dab23bdf66e,singapore.autos,available,,,high,high,9,,,,
073b86a1-3b3d-4719-ade7-40cedf4eecb0,vitamin.autos,premium,812.5,,high,low,7,name.com,,,
82c7244b-50fe-4bd0-bd75-bcda592ed413,wastebasket.autos,available,1.99,,high,low,11,name.com,,,
8b57856f-6f91-4a2a-8311-368767444270,heatless.autos,available,1.8,19.98,medium,low,8,namecheap,,,21/08/2026 02:27
6ada36e9-7f7d-4d2f-96e9-b46f6bcf26b8,angry.autos,available,1.8,19.98,high,low,5,namecheap,,,
ffb904a2-a4e9-4fd4-b14b-7ab78b1da060,natty.autos,available,1.99,20.99,high,low,5,name.com,,,13/08/2026 17:29
e842c150-1e73-4e55-b53e-38713c2e2bd3,unworried.autos,available,1.8,19.98,medium,low,9,namecheap,,,11/08/2026 19:03
9f1661d0-ea61-40e4-8080-f7c0eae1c1ea,lifted.autos,resell,,,high,low,6,Dynadot Inc,08/03/2026 23:37,08/03/2028 23:59,26/09/2026 07:13
91386661-a949-4f21-9452-5db365cb0070,showering.autos,available,1.99,,high,low,9,name.com,,,
e547c05e-8fec-45de-aa97-c4d6c3ca5d01,sweetie.autos,available,1.8,21.98,high,low,7,namecheap,,,10/09/2026 19:34
cdf7a3aa-441a-4844-958c-7190e6535a80,goodness.autos,available,1.99,25.99,high,low,8,godaddy,,,28/09/2026 02:02
3e704be8-30b7-4cb8-8807-8420ba6efdc7,taxa.autos,available,1.99,17.29,medium,low,4,namesilo,,,25/09/2026 17:29
7d141fb4-4e8d-4576-a380-e9b93c2e7706,knight.autos,premium,812.5,,high,low,6,name.com,,,
84cb2158-c5c4-41ff-aff3-829f9b563d92,eyeless.autos,available,1.8,19.98,medium,low,7,namecheap,,,17/08/2026 20:02
de84e596-248d-4e7b-91b5-ffad8aa1b5bf,tommyrot.autos,available,1.99,17.29,medium,low,8,namesilo,,,21/09/2026 23:53
5b6e7742-cf83-453d-843e-596efe50e6d3,atf.autos,available,1.8,21.98,high,low,3,namecheap,,,20/09/2026 20:14
cb773cdb-e05e-4ecf-bcc6-e663961f9b16,diminished.autos,available,1.8,19.98,medium,low,10,namecheap,,,07/08/2026 15:00
3b73fe8b-bce3-4e14-b1e7-e40e908b7e05,operator.autos,resell,,,high,low,8,Dynadot Inc,01/02/2026 12:38,01/02/2027 23:59,26/09/2026 07:55
17209790-8a8c-4ca5-aa08-88f260b8715d,jaime.autos,available,1.8,21.98,high,low,5,namecheap,,,28/09/2026 04:40
2c444477-7258-4e16-9a1d-a1dda759d564,congenital.autos,available,1.8,19.98,high,low,10,namecheap,,,12/08/2026 21:40
faaffbf5-90fe-4296-94c7-d95e54f74f19,fenestral.autos,available,1.8,19.98,medium,low,9,namecheap,,,18/08/2026 01:09
bc9a53ff-07e8-4c98-ae35-e9b8ee6287ed,katy.autos,available,1.99,,high,low,4,name.com,,,
f04a4c18-3c3d-4ab2-91fc-bdc963655723,ulterior.autos,available,1.8,19.98,medium,low,8,namecheap,,,22/08/2026 20:32
69a3fc1d-0096-47d5-913c-2ffb329f2dc8,weatherly.autos,available,1.8,21.98,medium,low,9,namecheap,,,13/09/2026 09:23
ac5ff45d-a1ad-4022-9148-c8da9b02bdf3,grime.autos,available,1.8,19.98,medium,low,5,namecheap,,,14/08/2026 09:15
c417ce1c-f818-4ce4-9f35-705f12e83ee3,centre.autos,available,1.8,21.98,high,low,6,namecheap,,,23/09/2026 13:22
1538df27-7808-4c1d-a62c-4f7aeb523150,haunting.autos,available,1.8,19.98,medium,low,8,namecheap,,,21/08/2026 01:34
bab90779-b7cd-4d20-b386-ced05494b37e,mansion.autos,available,1.24,13.97,high,low,7,spaceship,,,28/09/2026 06:20
1f0698f2-76d1-42c1-8176-c954752990d9,analyzable.autos,available,1.8,19.98,medium,low,10,namecheap,,,
75d61cde-3319-4299-bb98-be1615054f38,friendless.autos,available,1.8,19.98,medium,low,10,namecheap,,,18/08/2026 15:33
6919c6a9-4a0e-47ae-b212-acff7b9c0789,consecrate.autos,available,1.8,19.98,high,low,10,namecheap,,,12/08/2026 22:25
46421258-cc93-4c47-ae8c-ab11a3a34785,patience.autos,available,1.8,21.98,high,low,8,namecheap,,,25/09/2026 06:07
fe4420b8-00df-47ce-8ce5-b0429e25dad2,sublunar.autos,available,1.8,19.98,medium,low,8,namecheap,,,12/08/2026 08:27
c392d294-0bed-425a-ac84-150877e12264,grown.autos,available,1.8,21.98,high,low,5,namecheap,,,08/09/2026 15:16
e6ae03a7-5627-43c9-94e8-44e13e84d542,benzoate.autos,available,1.99,17.29,medium,low,8,namesilo,,,23/09/2026 08:56
3061341b-b018-46e4-99b2-cc6be08218b9,queried.autos,available,1.8,21.98,medium,low,7,namecheap,,,20/09/2026 15:21
bcea6944-0860-40e3-b13e-b98fc07f761c,griffon.autos,available,1.99,17.29,medium,low,7,namesilo,,,23/09/2026 05:02
88780bc0-fa9b-45d5-bf09-acd357e455f6,biplane.autos,available,1.8,21.98,high,low,7,namecheap,,,23/09/2026 19:18
4db4ce29-53a1-4715-b0e2-5bb84603b9f1,sensing.autos,available,1.99,,high,low,7,name.com,,,
5a1e9b28-7aa1-4cab-9930-f593dfb39dc1,incidental.autos,available,1.8,19.98,high,low,10,namecheap,,,
707b70f9-b395-4ee3-b6bc-af49eac82333,intrepid.autos,available,1.99,17.29,high,low,8,namesilo,,,22/09/2026 12:24
6f042bb9-ae28-447e-86fe-159b44a6ca53,moved.autos,available,1.99,,high,low,5,name.com,,,
1055c66a-bb7b-4c95-8266-0b45c5fb568d,exportable.autos,available,1.8,19.98,high,low,10,namecheap,,,17/08/2026 18:35
5c0b2f3b-686d-4a9b-9342-6560ea832b9e,glistening.autos,available,1.8,19.98,high,low,10,namecheap,,,20/08/2026 14:30
52b22dd7-5900-4824-9ecf-376ecbfffde3,outcome.autos,available,1.99,,high,low,7,name.com,,,
a6ed3ac1-1eec-4d42-84aa-d03aa656ef8e,these.autos,available,1.99,,medium,low,5,name.com,,,
5259bf65-35ac-4b5e-83e6-3104e2106b13,royal.autos,premium,2600,2600,high,high,5,namecheap,,,09/09/2026 12:48
470e7451-59a4-4961-8511-fbfb2f96018d,claptrap.autos,available,1.99,17.29,medium,low,8,namesilo,,,24/09/2026 03:39
342e3841-49c9-4a89-b7f1-78ff0458f83f,lithuania.autos,available,,,high,high,9,,,,
84ca5c7c-bb25-4034-ae56-870d2bdad965,mortgaged.autos,available,1.8,19.98,high,low,9,namecheap,,,25/08/2026 06:38
37c7c9d2-34ea-428d-beb5-22b3e5e7596a,abe.autos,available,1.99,17.29,high,low,3,namesilo,,,25/09/2026 11:28
e7249daf-f139-4be8-b35a-9862a7dc9488,reliant.autos,available,1.8,21.98,high,low,7,namecheap,,,09/09/2026 13:35
b592d474-8d6c-46d0-b6cb-e5851d2fac3b,iterative.autos,available,1.8,19.98,high,low,9,namecheap,,,22/08/2026 11:39
deab17da-217d-4473-b253-b065416b1ef1,lyrics.autos,available,1.99,,high,low,6,name.com,,,
5b77bc6a-b4b2-4c79-b563-c50610a3586b,underling.autos,available,1.8,21.98,medium,low,9,namecheap,,,11/09/2026 00:39
a6b40f7e-3f46-4b0d-9d6e-f3b200b9bab7,actaea.autos,available,1.8,21.98,medium,low,6,namecheap,,,17/09/2026 04:11
8742a0c8-a395-4cdc-bc6e-d311eaa6dae1,will.autos,available,1.99,,high,medium,4,name.com,,,
13d27947-ea51-4148-b531-1a1873e2f8b6,arboreous.autos,available,1.8,19.98,medium,low,9,namecheap,,,06/08/2026 12:59
fef0c8a3-c0db-4aa1-98c9-6718c86f6564,buckram.autos,available,1.8,19.98,medium,low,7,namecheap,,,11/08/2026 07:31
49243bb6-34d1-4a3b-9624-0b4d9890625f,kwhr.autos,available,1.99,17.29,high,low,5,namesilo,,,21/09/2026 11:57
932f23f5-86cd-4e0f-880d-088c251de5ee,exclude.autos,available,1.99,20.99,high,low,7,name.com,,,22/09/2026 03:43
c8091c53-d097-4d8a-b0f0-20fb4df610c6,retailing.autos,available,1.99,17.29,high,low,9,namesilo,,,28/09/2026 05:08
bd249a99-5602-4e68-803a-1ada9980cf8e,vendible.autos,available,1.8,19.98,high,low,8,namecheap,,,24/08/2026 20:32
e3bc8646-db82-498d-b8cf-cdffbf25d647,edited.autos,available,1.8,19.98,high,low,6,namecheap,,,15/08/2026 11:05
1fb5af14-b4e2-4428-9bb3-9317425378dd,legible.autos,available,1.8,19.98,high,low,7,namecheap,,,22/08/2026 22:59
cfbc32c5-3c2b-406a-a0c7-efb751619bed,reckless.autos,available,1.8,19.98,medium,low,8,namecheap,,,18/08/2026 10:33
6ddada8d-c827-4db8-9b15-f6f269b90531,abiding.autos,available,1.99,17.29,high,low,7,namesilo,,,21/09/2026 13:52
7ceeebb9-f301-453f-99d1-13b6cfb3c94d,interred.autos,available,1.8,19.98,medium,low,8,namecheap,,,11/08/2026 10:36
2b983a74-9caa-4190-a6ba-04357deb21e1,shipboard.autos,available,1.8,21.98,high,medium,9,namecheap,,,10/09/2026 06:35
08b8a972-6c04-4ef3-9a8b-503c29ce7b68,uncharted.autos,available,1.8,19.98,medium,low,9,namecheap,,,12/08/2026 02:53
3263fe1e-7a27-4118-b5d7-fc08c3ee26a4,crook.autos,available,1.8,19.98,medium,low,5,namecheap,,,13/08/2026 06:27
fa21c742-fd92-4aa6-9514-6ace6116dc05,nettlesome.autos,available,1.8,19.98,medium,low,10,namecheap,,,
70f55a04-1105-481e-a609-fb39d4357776,lunt.autos,available,1.99,17.29,medium,low,4,namesilo,,,18/09/2026 06:40
841c51d4-75b3-4267-b2d6-01e48e9798a4,readily.autos,available,1.8,21.98,medium,low,7,namecheap,,,15/09/2026 21:42
367771a6-bde2-45f4-85d4-4bce44add76d,mining.autos,resell,,,high,low,6,"GoDaddy.com, LLC",22/02/2022 17:39,22/02/2027 23:59,26/09/2026 07:34
1b799128-d236-4c5a-a93f-cb806268c540,lovesome.autos,available,1.8,19.98,medium,low,8,namecheap,,,
756cde45-8047-4b1a-a356-30db726e65ba,mcleod.autos,available,1.99,17.29,high,low,6,namesilo,,,27/09/2026 06:53
84522c01-cfc5-4879-ad7e-0ade16ee6d35,reluctant.autos,available,1.8,19.98,medium,low,9,namecheap,,,24/08/2026 08:21
aafc8001-a0a0-479c-b379-fc7ab84e1093,wasnt.autos,available,1.99,,low,low,5,name.com,,,
9207597b-d0ca-4ee1-bea9-1f6ee93596e2,definite.autos,available,1.99,17.29,high,low,8,namesilo,,,24/09/2026 05:06
e82fdf37-1627-46d1-b20b-ae6db8d331d1,talebearer.autos,available,1.8,21.98,medium,low,10,namecheap,,,11/09/2026 10:34
4330fd63-7e38-42e6-bc31-3c3d945e2379,slain.autos,available,1.8,21.98,medium,low,5,namecheap,,,10/09/2026 09:53
56554c86-61a3-4a16-8ed9-0ee1d244378a,escort.autos,premium,2660,2660,high,low,6,namesilo,,,24/09/2026 06:34
47d23532-5b01-45cb-b87f-316bf59d43ba,assayer.autos,available,1.99,17.29,medium,low,7,namesilo,,,20/09/2026 15:59
5686b5bd-7c4d-4eb7-9f66-4b490c4447b7,asl.autos,premium,2600,2600,high,low,3,namecheap,,,18/09/2026 20:39
8885c955-4300-44b5-b968-7ed665def045,colossus.autos,available,1.99,17.29,high,low,8,namesilo,,,23/09/2026 03:27
4ff229c9-3c3b-4b70-9a95-5f21b19fe09b,tornados.autos,available,1.8,21.98,medium,low,8,namecheap,,,16/09/2026 14:12
b563f256-0dd8-45a2-b647-f78ea0686d26,jungian.autos,available,1.8,19.98,medium,low,7,namecheap,,,22/08/2026 14:24
267f4a07-d993-4b89-b77c-ef53ccd904e0,tush.autos,available,1.8,19.98,medium,low,4,namecheap,,,09/08/2026 11:45
e77c5124-a5c3-4eff-bc7f-f3bba8025ea9,basswood.autos,available,1.99,17.29,medium,low,8,namesilo,,,22/09/2026 12:34
19a4483a-0900-4538-808b-4f79e76dd5b3,axe.autos,available,1.99,17.29,high,low,3,namesilo,,,24/09/2026 08:23
78ced277-a906-4423-bb0f-650671b3c37f,aliraq.autos,available,1.99,17.29,medium,low,7,namesilo,,,18/09/2026 00:54
1e29ee60-8940-4c24-b165-7fd794a1a032,waited.autos,available,1.99,17.29,medium,low,6,namesilo,,,18/09/2026 01:45
15ca0385-d50b-4aaf-b919-7039eb98a719,plot.autos,available,1.99,17.29,high,low,4,namesilo,,,24/09/2026 22:09
d629db23-f3e6-4d5d-a4ef-59b57a4cba01,grooved.autos,available,1.8,19.98,medium,low,7,namecheap,,,20/08/2026 20:17
45aa4beb-4a6f-454e-88bd-237dd4707483,judgement.autos,available,1.99,,high,low,9,name.com,,,
cb19732f-3690-4bda-ae13-3660a9eb0ea9,litter.autos,available,1.99,17.29,high,low,6,namesilo,,,22/09/2026 23:14
2d96cfaa-8a45-4e66-b084-bd10dd92ff17,topless.autos,available,1.8,19.98,medium,low,7,namecheap,,,08/08/2026 18:33
eb526af7-8239-4c50-80e7-8580c925e67d,loading.autos,available,1.99,17.29,high,low,7,namesilo,,,24/09/2026 12:57
71e4690e-6767-4aaf-998d-82a7e2b0ad45,meld.autos,available,1.99,17.29,high,low,4,namesilo,,,22/09/2026 11:20
458968d2-9d5f-474e-8640-4cbfdc8a38f4,ash.autos,resell,,,high,low,3,"Spaceship, Inc.",22/01/2026 18:04,22/01/2027 23:59,26/09/2026 04:03
72af769d-6a0c-4b0b-be15-79ca0cf52659,abusive.autos,available,1.8,19.98,medium,low,7,namecheap,,,
809aeb0c-c85c-40c2-8482-a98bceaaef0a,aphonic.autos,available,1.8,19.98,medium,low,7,namecheap,,,05/08/2026 23:17
aaf66456-b406-41d3-91fb-d3f6bb89c1ba,eatable.autos,available,1.8,19.98,medium,low,7,namecheap,,,12/08/2026 18:47
42c3ee83-67c5-4838-abd1-7022e1811d74,kampala.autos,available,1.99,17.29,high,low,7,namesilo,,,24/09/2026 12:28
2673535d-e945-4a2c-b022-de61485f3164,apoapsis.autos,available,1.8,21.98,medium,low,8,namecheap,,,19/09/2026 18:07
16fd16f2-7878-47d8-b264-e4f69c1e9e04,barefooted.autos,available,1.8,19.98,medium,low,10,namecheap,,,08/08/2026 18:59
88159679-9112-46c2-ae42-8f0dfbe24888,kilogram.autos,available,1.99,,high,low,8,name.com,,,
5f46609e-ab1a-4b20-935e-23becafcc0a9,terrorist.autos,available,1.8,21.98,medium,low,9,namecheap,,,25/09/2026 10:50
32fb43f1-09e7-4f23-b25b-0680c86b7732,ambience.autos,available,1.99,17.29,high,low,8,namesilo,,,18/09/2026 16:42
e0e18d47-93d8-49ae-859a-99bb09f4a5c6,scotland.autos,resell,,,high,low,8,,,,27/09/2026 15:44
1d04ebc4-9284-4b23-9207-61536f6a1611,alive.autos,available,1.99,17.29,high,low,5,namesilo,,,22/09/2026 05:04
ecea84a0-217c-40ca-9d30-729146b5b3cc,murine.autos,available,1.8,21.98,medium,low,6,namecheap,,,03/09/2026 11:04
615d8d34-9a86-4b45-a0fe-d11130de78e1,impotent.autos,available,1.8,19.98,medium,low,8,namecheap,,,21/08/2026 22:52
7e725250-20e3-4e4f-b655-32d7dffdf733,okay.autos,available,1.8,21.98,high,low,4,namecheap,,,22/09/2026 01:07
303928a5-24cd-4d5b-b5c7-829334073da6,bronte.autos,available,1.99,17.29,medium,low,6,namesilo,,,19/09/2026 10:16
0e7924c3-530b-4974-8771-0cdaf5c4f0fb,post.autos,premium,2500,,high,medium,4,name.com,,,
2c776bb3-8f28-43b3-9521-d6741a1388c1,altruism.autos,available,1.99,15.75,high,low,8,namesilo,,,
21982fdd-7ac6-4090-9e95-744a31c5c6a0,possibilities.autos,available,1.99,17.29,medium,low,13,namesilo,,,16/09/2026 10:01
0fb5b1f0-c44b-41b7-ba26-d1443ec5873a,defeated.autos,available,1.8,19.98,medium,low,8,namecheap,,,13/08/2026 23:04
67e484c3-e192-434c-89ee-d4f822fbc2c6,blattodea.autos,available,1.99,17.29,medium,low,9,namesilo,,,24/09/2026 04:54
679da7b7-7d58-44ea-80a7-1514565e22f7,bluntly.autos,available,1.8,21.98,medium,low,7,namecheap,,,14/09/2026 00:39
d24a9f7f-8422-41ff-bc0a-8de0235d7985,malt.autos,available,1.8,19.98,high,low,4,namecheap,,,24/08/2026 14:13
a94822a5-0854-4466-8e18-ab770876b532,warlike.autos,available,1.8,19.98,medium,low,7,namecheap,,,21/08/2026 01:40
489991f3-209c-4495-9247-6bd08eabf85a,fracas.autos,available,1.99,17.29,medium,low,6,namesilo,,,17/09/2026 14:44
9660f0f6-bd90-4562-be86-9da51e881e46,aires.autos,available,1.99,17.29,medium,low,5,namesilo,,,25/09/2026 21:54
2a76824f-09cf-4227-b9e0-6e96ed49fa51,asbestosis.autos,available,1.99,17.29,medium,low,10,namesilo,,,20/09/2026 12:56
ce8a15da-10f5-44fe-9fbd-49bee314d151,invented.autos,available,1.99,,high,low,8,name.com,,,
21047fb8-598b-4971-8f8f-da299e842c6d,microbic.autos,available,1.8,19.98,medium,low,8,namecheap,,,24/08/2026 22:21
82beb2f5-9d1f-4f57-a416-2b46ac686eed,achromic.autos,available,1.8,19.98,medium,low,8,namecheap,,,
97a56380-c24a-4dd9-b24b-2980bfe3eed0,oxidised.autos,available,1.8,21.98,medium,low,8,namecheap,,,04/09/2026 22:28
12506368-6fba-4d46-8598-9d49272172c2,bigness.autos,available,1.99,17.29,medium,low,7,namesilo,,,23/09/2026 15:14
9bc94114-fc5e-4f14-857d-71f6a2095d63,beluga.autos,available,1.99,17.29,high,low,6,namesilo,,,17/09/2026 01:49
5571905c-cc09-433d-921e-0ef35178011d,silhouettes.autos,available,1.99,17.29,medium,low,11,namesilo,,,20/09/2026 11:57
e5effa76-cbbf-4210-a3d1-bca8b0f4793d,oldfield.autos,available,1.99,17.29,medium,low,8,namesilo,,,22/09/2026 06:52
68a9208e-7b2f-4661-b04a-0a54c33fd783,frilly.autos,available,1.8,19.98,medium,low,6,namecheap,,,18/08/2026 15:51
a7b878ec-f9d6-4799-b133-f4a65c5e6803,binate.autos,available,1.8,19.98,medium,low,6,namecheap,,,09/08/2026 23:39
11bab6b2-05a1-4eb2-8e02-ca56e393c108,shaved.autos,available,1.8,21.98,high,medium,6,namecheap,,,10/09/2026 06:08
42af1d6c-c8d9-4b92-8288-1fa157b04ade,wysiwyg.autos,available,1.8,21.98,high,low,7,namecheap,,,13/09/2026 13:51
09945d4c-6b9b-41a7-9314-e7a5de554212,filiform.autos,available,1.8,19.98,medium,low,8,namecheap,,,18/08/2026 04:04
8df9851f-46af-4209-822e-4ec197d23175,uncritical.autos,available,1.8,21.98,medium,low,10,namecheap,,,12/09/2026 06:26
462df5c6-54a7-4d67-9650-ff10435cc26b,exactly.autos,available,1.99,17.29,high,low,7,namesilo,,,26/09/2026 00:15
8c8ef43e-569d-4cf0-bc65-bd3710a7ae1e,seeming.autos,available,1.99,,high,low,7,name.com,,,
9c20757f-5148-46e5-9560-58cc6b933acf,rotten.autos,available,1.8,21.98,high,low,6,namecheap,,,24/09/2026 01:35
086f5be0-f58c-4298-b0e6-a3a5ca8a4a24,enormously.autos,available,1.8,21.98,medium,low,10,namecheap,,,14/09/2026 15:47
0b267b40-3f92-442a-bbf2-267d63ded6bf,annelida.autos,available,1.99,17.29,medium,low,8,namesilo,,,19/09/2026 10:23
c7c95580-d3de-412a-9a5f-9b3d52d5e80b,rebecca.autos,premium,832,832,high,low,7,namesilo,,,25/09/2026 10:16
034f5c79-6b7b-4c01-8691-91911297d8d4,asexuality.autos,available,1.99,17.29,medium,low,10,namesilo,,,20/09/2026 13:33
b677dffd-7b65-4596-9634-37b3ea691be4,annona.autos,available,1.8,21.98,medium,low,6,namecheap,,,19/09/2026 10:30
5b555b5b-1c15-4db6-90da-2dc6add16cc5,incredible.autos,available,1.99,17.29,high,low,10,namesilo,,,25/09/2026 09:04
69b3c876-32de-46b6-99ef-128273b5f092,condign.autos,available,1.8,19.98,medium,low,7,namecheap,,,12/08/2026 20:26
d1b12e67-a163-44cc-a1ef-f2bb0944ba1e,nation.autos,available,1.99,,high,low,6,name.com,,,
09704a08-5872-462b-9596-e7ca6be3ba40,obtained.autos,available,1.99,,medium,low,8,name.com,,,
a92b771e-667e-42c3-a107-7df2b814eb13,vanadium.autos,available,1.99,17.29,medium,low,8,namesilo,,,20/09/2026 22:37
84b5421c-4c44-4514-8431-797704bf0b0c,changing.autos,available,1.99,17.29,high,low,8,namesilo,,,23/09/2026 13:46
eba70ce2-0f2e-4ae9-bba8-3fd69430457a,welds.autos,available,1.99,17.29,medium,low,5,namesilo,,,20/09/2026 14:08
7c41ee85-c597-4d65-81de-18d5494b0ae3,ascoma.autos,available,1.99,17.29,medium,low,6,namesilo,,,20/09/2026 13:22
e4418947-18c2-46ea-8a97-8d5a9af57bee,tinkling.autos,available,1.8,21.98,medium,low,8,namecheap,,,11/09/2026 16:13
8af41a52-8c39-479f-a7fa-4c143728cc6f,vantage.autos,resell,,,high,medium,7,"Spaceship, Inc.",19/03/2026 14:57,19/03/2027 23:59,26/09/2026 09:56
c112acb0-ecdb-4eac-bdb6-91fae5469bbe,bakunin.autos,available,1.8,21.98,medium,low,7,namecheap,,,21/09/2026 20:26
7254b64d-44c0-4c5f-be69-19cae2f861be,dimly.autos,available,1.8,21.98,medium,low,5,namecheap,,,14/09/2026 12:45
151ead71-d756-42d4-98a4-91c6f28f01ca,expressly.autos,available,1.8,21.98,medium,low,9,namecheap,,,14/09/2026 17:09
721ea8cf-00e2-4a63-87d0-1f1d2ef0da17,passe.autos,available,1.8,19.98,medium,low,5,namecheap,,,14/08/2026 01:17
ebf48913-9652-4a60-8179-59cc8839cd4a,aggression.autos,available,1.8,21.98,medium,low,10,namecheap,,,17/09/2026 17:29
3646766d-e49a-45d6-afea-c64035a0c53d,stole.autos,available,1.99,17.29,high,low,5,namesilo,,,27/09/2026 05:29
446fc1fb-054a-49a2-a981-b2bf88462162,glassed.autos,available,1.8,19.98,medium,low,7,namecheap,,,20/08/2026 14:07
1c829d86-2312-4964-b618-b2625770c0c5,hers.autos,available,1.99,17.29,high,high,4,namesilo,,,26/09/2026 03:23
c23b4cb8-90ad-4292-9eea-88b11311002d,operation.autos,available,1.99,17.29,high,low,9,namesilo,,,28/09/2026 02:52
58791bd3-bd20-44ed-964a-841835ed6126,adiabatic.autos,available,1.8,19.98,medium,low,9,namecheap,,,
485dbc38-45fa-4e8c-9476-c48ab4a62bfc,inevitably.autos,available,1.8,21.98,medium,low,10,namecheap,,,15/09/2026 08:09
31e8ec52-0486-48f2-bcdf-d55880b0338c,tanzanian.autos,available,1.8,21.98,medium,low,9,namecheap,,,11/09/2026 08:09
720fdfe6-306b-4f68-996b-c3ce062a2014,educative.autos,available,1.8,19.98,high,low,9,namecheap,,,15/08/2026 11:09
8d5c075d-3717-4fb1-b6ea-23e8f31e76ed,tellingly.autos,available,1.99,17.29,medium,low,9,namesilo,,,16/09/2026 08:14
cab24365-41f8-4baa-b170-4c9c3c5c7ae3,dystopian.autos,available,1.8,19.98,medium,low,9,namecheap,,,14/08/2026 22:10
fde51be7-17bb-476a-b6d5-f4669b669c9e,aberrance.autos,available,1.99,17.29,medium,low,9,namesilo,,,16/09/2026 15:12
56d98a48-cf26-4945-a50c-da3ae65fed96,selenium.autos,available,1.99,17.29,medium,low,8,namesilo,,,20/09/2026 22:53
41832685-fbc2-4730-ad3d-4ca30c03e3de,rubbishy.autos,available,1.8,21.98,high,medium,8,namecheap,,,09/09/2026 19:16
42ea4551-42d6-4bc5-b3e4-17ed6779ae95,rio.autos,available,1.99,17.29,high,low,3,namesilo,,,28/09/2026 03:02
d564349d-191d-4f44-ba66-e814d4c7822f,garret.autos,available,1.8,19.98,medium,low,6,namecheap,,,07/08/2026 15:51
02cb11f3-4dbd-4b4d-92e8-183e6a733fcb,piratical.autos,available,1.8,21.98,high,medium,9,namecheap,,,08/09/2026 19:58
a74d77e6-7b5c-4464-90ed-cd76be5c194d,scurrilous.autos,available,1.8,19.98,medium,low,10,namecheap,,,
fef59ed0-f62f-4547-8b78-90bffcf99d7c,actually.autos,available,1.99,15.75,high,low,8,namesilo,,,
440e8622-9f27-48e9-ae28-b22665fb33c4,tinny.autos,available,1.8,19.98,medium,low,5,namecheap,,,11/08/2026 09:06
e4e5b405-6e33-4b8c-8050-ad2d97e0b4e2,blissfully.autos,available,1.8,21.98,high,low,10,namecheap,,,14/09/2026 00:23
f983f861-8371-43ab-8218-8b9d62d0c188,borrowed.autos,available,1.99,17.29,medium,low,8,namesilo,,,27/09/2026 09:49
b68f67e8-c362-48df-9211-0320db13cbf3,stadium.autos,available,1.99,17.29,high,low,7,namesilo,,,28/09/2026 03:07
8a71b477-0637-45d6-b0f4-df7f705afb04,anagnost.autos,available,1.99,17.29,medium,low,8,namesilo,,,19/09/2026 01:26
2672cec6-9f72-4ed9-aa19-6402b5ed107e,yours.autos,available,1.99,,high,low,5,name.com,,,
b541c467-5053-4f27-816e-841405de6c67,bataan.autos,available,1.99,17.29,medium,low,6,namesilo,,,22/09/2026 13:10
7912fd3c-c81d-407d-a6e5-819348554f23,tuesday.autos,available,1.99,,high,low,7,name.com,,,
93067d5d-906f-410a-84a9-a79700358743,tina.autos,available,1.99,20.99,high,low,4,name.com,,,25/09/2026 19:58
1e6b2e89-a4e5-422c-9b6a-c2aa955a0765,mikhail.autos,available,1.99,17.29,medium,low,7,namesilo,,,26/09/2026 03:33
cd1049ba-858b-480d-9732-68b910bb5169,indelible.autos,available,1.8,19.98,high,low,9,namecheap,,,22/08/2026 02:37
86531842-b7c7-43ed-b4f7-db4feab52ae6,rejoin.autos,available,1.99,,high,low,6,name.com,,,
5ef94260-9378-4c04-88bf-e86fb181db0a,hotshot.autos,available,1.99,17.29,high,low,7,namesilo,,,21/09/2026 17:48
d26756a7-1f39-4cf7-8ebd-fda956ce7702,cheekbone.autos,available,1.8,21.98,high,low,9,namecheap,,,13/09/2026 15:41
b2f74006-7e9a-4425-ba97-27e8cdcd70d7,rolled.autos,available,1.8,19.98,high,low,6,namecheap,,,18/08/2026 18:46
d43b9912-7f33-4d7a-b1c3-29d282078500,beaming.autos,available,1.8,19.98,high,low,7,namecheap,,,09/08/2026 04:03
db47f51f-30b6-4993-acfa-91827267a418,buzzing.autos,available,1.8,19.98,high,low,7,namecheap,,,
f3fd1473-3cf5-4963-8564-a07a25404a48,maturity.autos,available,1.99,17.29,high,low,8,namesilo,,,17/09/2026 10:27
a8ee4e41-a527-4c88-bc1b-811ae3103bcf,limits.autos,available,1.99,17.29,medium,low,6,namesilo,,,18/09/2026 15:06
44018d7b-10a1-4b32-9054-e9b56ba33aa8,loony.autos,available,1.8,19.98,medium,low,5,namecheap,,,06/08/2026 21:17
358bdc12-d2fe-4933-b995-6eb37bb225ff,angara.autos,available,1.99,17.29,medium,low,6,namesilo,,,19/09/2026 05:44
3e67daa4-838d-4735-b751-9c468fe2b1e1,junoesque.autos,available,1.8,19.98,medium,low,9,namecheap,,,22/08/2026 14:31
efda412d-bfda-40d9-adae-d1ec7fa5aed9,mormon.autos,premium,2500,2500,high,low,6,name.com,,,25/08/2026 06:33
0aa4635e-7c6d-4484-a8be-758ef9293c0b,antinomy.autos,available,1.99,17.29,medium,low,8,namesilo,,,19/09/2026 14:49
cf927f56-a1fe-4d10-89e1-33d33e46b3c2,bourbon.autos,available,1.99,17.29,high,low,7,namesilo,,,24/09/2026 07:37
e2daa3a1-d2ae-492b-9959-6544c0db557e,potential.autos,available,1.99,17.29,high,low,9,namesilo,,,27/09/2026 04:46
b75ed0bc-fc2d-4cb5-9bd4-e19f8fab543f,spayed.autos,available,1.8,21.98,high,medium,6,namecheap,,,10/09/2026 15:21
7a81dcde-6d00-4af4-8a3a-6caa1eedc2d4,markedly.autos,available,1.8,21.98,medium,low,8,namecheap,,,15/09/2026 13:31
dae3709e-145d-4938-bffa-5c1742a1e9c3,illative.autos,available,1.8,19.98,medium,low,8,namecheap,,,21/08/2026 19:47
f90530c8-68d4-4efb-bef2-6fbd104df35e,dighted.autos,available,1.8,19.98,low,low,7,namecheap,,,14/08/2026 07:17
475d3d29-ddd0-4801-b85c-e55a1be6a37a,fictional.autos,available,1.8,19.98,high,low,9,namecheap,,,17/08/2026 20:18
1b2dbf14-1c66-43fc-bdca-3abaf2745de3,soggy.autos,available,1.8,19.98,high,low,5,namecheap,,,10/08/2026 17:14
5b87c23f-1d36-44a2-951d-f85880371b45,extempore.autos,available,1.8,19.98,medium,low,9,namecheap,,,
5eb5931e-1f83-425b-bba8-ca037cf2b936,anderson.autos,premium,2660,2660,high,medium,8,namesilo,,,19/09/2026 04:34
0b64f313-b34d-4667-807c-e0d1410d2351,antony.autos,available,1.99,17.29,high,low,6,namesilo,,,19/09/2026 13:33
a186d01f-6e23-4cb0-aed4-455368f27f77,splashed.autos,available,1.99,20.99,high,low,8,name.com,,,13/08/2026 15:18
c4f0f096-dddc-4dca-b638-d6cb8c6c9575,gum.autos,available,1.99,17.29,high,low,3,namesilo,,,24/09/2026 14:25
549dfb27-ed9f-4336-af07-0a361b8abacb,lxii.autos,available,1.8,19.98,medium,low,4,namecheap,,,
b945c08b-35ae-4767-a614-dec52fe022c6,tickle.autos,available,1.8,21.98,high,low,6,namecheap,,,11/09/2026 15:31
fdee4d24-6343-48d6-a8f9-281f13e5d76a,attends.autos,available,1.99,20.99,medium,low,7,name.com,,,17/09/2026 22:27
a3c1f456-0974-4cb1-a419-d82f7c13df9e,teased.autos,available,1.8,21.98,medium,low,6,namecheap,,,11/09/2026 09:55
38512f9c-d48e-4677-9062-72a0b07cf9c4,digestible.autos,available,1.8,19.98,medium,low,10,namecheap,,,14/08/2026 07:14
ed174882-8f9d-481d-b03e-fd5cdb1726a0,staggering.autos,available,1.8,21.98,medium,low,10,namecheap,,,10/09/2026 18:08
48295a39-1bcc-476b-8fea-a97ed13224f6,budget.autos,premium,2500,,high,low,6,name.com,,,
40358513-0810-4a1e-a9ff-8cd301047be6,astounded.autos,available,1.99,20.99,high,low,9,name.com,,,22/09/2026 03:42
ac220af9-8890-40ed-921e-a5d2e1e5b46a,backstairs.autos,available,1.8,19.98,medium,low,10,namecheap,,,08/08/2026 06:26
905caf2b-8041-439c-84ea-1850e5fd179d,gorky.autos,available,1.99,17.29,high,low,5,namesilo,,,18/09/2026 05:08
7c355147-7f28-4292-8a0b-eb501c42d49a,cycling.autos,available,1.8,21.98,high,low,7,namecheap,,,24/09/2026 20:45
62df6cbc-4dc7-457b-b52a-78d0de881d36,bonn.autos,available,1.99,17.29,high,low,4,namesilo,,,25/09/2026 01:56
c1fdbd6d-03bc-44d8-a2d3-94ee937738e6,sums.autos,available,1.99,17.29,medium,low,4,namesilo,,,18/09/2026 07:08
c87aae6a-af5a-479c-8fb9-ac221bc7bb60,forced.autos,available,1.8,21.98,high,low,6,namecheap,,,23/09/2026 21:10
498ed101-7e4f-4349-8ddc-f61701cfd159,ascension.autos,available,1.8,19.98,high,low,9,namecheap,,,07/08/2026 00:30
c8d9fca4-94d7-4636-9a3b-7859466cc505,tablets.autos,available,1.8,21.98,high,low,7,namecheap,,,18/09/2026 15:46
fdab4030-7291-49bd-ba7d-84fb9ffc15ad,holistic.autos,available,1.8,19.98,high,low,8,namecheap,,,21/08/2026 10:30
d0224c8b-c26a-429d-9fa3-12662cd9dbd4,propulsive.autos,available,1.8,21.98,high,low,10,namecheap,,,09/09/2026 03:32
e06f54d3-a794-4d84-a9da-4549dff6353a,persuasive.autos,available,1.8,21.98,high,low,10,namecheap,,,08/09/2026 18:05
21de8b34-f0d2-4323-95da-ecea63c26a26,induce.autos,available,1.99,,high,low,6,name.com,,,
6bbef57d-4c34-442f-b271-48a606787776,sacked.autos,available,1.8,21.98,medium,low,6,namecheap,,,24/09/2026 06:49
fdb8b9b0-5dc2-437e-aa0a-19138c70867e,collarbone.autos,available,1.99,15.75,medium,low,11,namesilo,,,
432a9d7c-bf58-4d31-b443-d4f0e5d51d96,cone.autos,available,1.99,15.75,high,low,4,namesilo,,,
cbe51b2d-bf57-46c3-9532-19b26a012a65,believing.autos,available,1.99,17.29,high,low,9,namesilo,,,23/09/2026 05:15
92609574-e52d-419a-a752-c42246c2de95,futureless.autos,available,1.8,19.98,low,low,10,namecheap,,,18/08/2026 19:15
ed9c64a9-3faa-4ff1-860a-f96caf3d2d29,goofy.autos,available,1.8,19.98,medium,low,5,namecheap,,,12/08/2026 14:50
494cff1b-8c9a-414e-a9de-a6c84823c51d,enjoyably.autos,available,1.8,21.98,medium,low,9,namecheap,,,13/09/2026 18:24
9d11f24f-d8ad-442d-baa7-523da4b1993c,mellow.autos,available,1.8,19.98,high,low,6,namecheap,,,22/08/2026 18:52
12f681a7-a303-454f-a5a2-7e93da99bb25,markets.autos,available,1.99,17.29,high,low,7,namesilo,,,28/09/2026 04:32
18eebad5-a275-47ff-a339-42c0ec9c312e,autotroph.autos,available,1.99,17.29,medium,low,9,namesilo,,,21/09/2026 07:36
449e0fd5-7c8b-414b-b393-a808ade9036f,zest.autos,available,1.99,,high,low,4,name.com,,,
d088cf93-baf8-4e88-9dab-09c0038559c0,harmsworth.autos,available,1.99,17.29,medium,low,10,namesilo,,,18/09/2026 06:27
841992dc-1ba8-4456-97dd-7d8786d941d7,dirt.autos,available,1.99,17.29,high,low,4,namesilo,,,24/09/2026 10:53
85c0b21e-2303-4a7b-a0f9-3801950f1f72,windswept.autos,available,1.8,21.98,high,low,9,namecheap,,,13/09/2026 12:16
d4c0212d-3a18-41f6-a0a9-8b491b081567,uric.autos,available,1.8,21.98,medium,low,4,namecheap,,,12/09/2026 23:37
fffe0a64-09a0-41d1-95c0-8c8605fe52bd,transmission.autos,available,1.99,17.29,high,low,12,namesilo,,,27/09/2026 08:37
c85f7db2-de6d-4d7f-a019-dd9f6dcce19b,peeved.autos,available,1.8,19.98,medium,low,6,namecheap,,,
de06970b-d694-4b15-8828-14c61c8f4034,sketchy.autos,available,1.8,21.98,high,low,7,namecheap,,,10/09/2026 09:18
909f69c9-576d-4a9c-bd66-f29fa0799f71,beheading.autos,available,1.99,17.29,medium,low,9,namesilo,,,23/09/2026 03:20
824594bd-6751-4504-8900-7ee6b77f7793,lucifugous.autos,available,1.8,19.98,low,low,10,namecheap,,,24/08/2026 10:55
be72d5e0-7361-4bb8-959c-ee6597d05a9c,smetana.autos,available,1.8,21.98,medium,low,7,namecheap,,,22/09/2026 23:32
82a1f70a-97bf-49b5-8ae8-eeca98b3f92e,kilometer.autos,available,1.99,,high,low,9,name.com,,,
978bcc5b-2304-4db1-a426-3b2b51ef3b63,poinciana.autos,available,1.8,21.98,high,low,9,namecheap,,,23/09/2026 20:09
1ebdf903-e196-45b4-87e5-8e8794287987,cervical.autos,available,1.8,19.98,high,low,8,namecheap,,,12/08/2026 00:58
b299779e-e16a-42bd-b7d4-cad536afcb8c,spray.autos,premium,812.5,,high,low,5,name.com,,,
9b661c05-f607-4607-b51a-3971642f0c96,contacts.autos,available,1.8,21.98,medium,low,8,namecheap,,,19/09/2026 20:06
0e6b9b96-d8aa-427c-8d6b-1d24d12ab223,blear.autos,available,1.8,19.98,medium,low,5,namecheap,,,10/08/2026 14:01
ac8ea084-bc57-450e-a3ca-9ca142cc6531,ajuga.autos,available,1.99,17.29,medium,low,5,namesilo,,,17/09/2026 23:42
d87c3897-546c-4921-8dfe-d29c4f92a772,suggestions.autos,available,1.99,17.29,medium,low,11,namesilo,,,17/09/2026 12:49
e44941eb-d949-4988-be66-1d1554513e12,singable.autos,available,1.8,21.98,high,medium,8,namecheap,,,10/09/2026 08:19
8087ae98-e3ad-4c62-9a09-0c7baf82876f,cuvier.autos,available,1.99,17.29,high,low,6,namesilo,,,22/09/2026 07:06
99d26103-f085-4da3-bebe-86b64226f70f,backflow.autos,available,1.99,17.29,high,low,8,namesilo,,,21/09/2026 15:32
41851ed7-5a3f-43df-a4bb-e624373840b3,extended.autos,available,1.8,19.98,high,low,8,namecheap,,,14/08/2026 18:31
1bd292fd-f18e-4e7b-9180-324152a133d7,spiritual.autos,available,1.8,19.98,high,low,9,namecheap,,,06/08/2026 05:42
17335afa-cba1-4748-84a3-fd4bb910ad49,push.autos,premium,2500,,high,low,4,name.com,,,
21a11b29-fe5d-4afb-b929-f1005431f568,aorta.autos,available,1.99,20.99,medium,low,5,name.com,,,19/09/2026 16:04
d7fc2e96-d36a-4f9b-8a25-23444569c905,carangid.autos,available,1.8,19.98,medium,low,8,namecheap,,,11/08/2026 18:31
a276d0f2-6f5f-42e2-bea3-a285be75ab97,question.autos,available,1.8,21.98,high,low,8,namecheap,,,25/09/2026 10:22
4a6826d9-9a7b-4aef-8007-272d785310ea,luxe.autos,premium,62.5,62.5,high,low,4,name.com,,,13/08/2026 19:13
254bf187-f3d6-42c9-b624-ebe9675a83e7,rugged.autos,available,1.8,19.98,high,low,6,namecheap,,,18/08/2026 18:56
a3b9746b-b4a0-4a8a-a619-dcb83b73fc87,paper.autos,premium,2500,,high,low,5,name.com,,,
428230d6-18e8-4d25-8245-52e758e7f370,posters.autos,available,1.99,,medium,low,7,name.com,,,
c8b97c55-d05c-4999-b35e-5752122b2778,frightened.autos,available,1.8,19.98,medium,low,10,namecheap,,,18/08/2026 15:37
ca7b5259-db60-4538-a0b3-eb1367b61cfa,thankless.autos,available,1.8,21.98,medium,low,9,namecheap,,,11/09/2026 12:28
96e4d200-1a92-46d8-9f1b-00bee5f48450,azoic.autos,available,1.8,19.98,medium,low,5,namecheap,,,08/08/2026 02:22
74552014-9366-4784-bdaf-027cf947182a,smoked.autos,available,1.8,21.98,medium,low,6,namecheap,,,10/09/2026 11:53
be54fd6d-81df-4945-9aad-63fa5c290384,senses.autos,available,1.99,,high,low,6,name.com,,,
755aef2d-759a-4b01-a900-872b3f061478,pyogenic.autos,available,1.8,21.98,high,medium,8,namecheap,,,09/09/2026 06:54
5f0bf8f9-5681-449c-afdd-1c6d1a5e2d3c,mob.autos,available,1.8,21.98,high,low,3,namecheap,,,24/09/2026 19:26
be9343a1-8fea-4f64-ae79-377059557033,united.autos,premium,2600,2600,high,medium,6,namecheap,,,25/09/2026 11:56
c6768d7b-45f1-4319-b456-b8abc43e075d,scarce.autos,available,1.8,21.98,medium,low,6,namecheap,,,09/09/2026 22:53
aa2830f2-a415-461b-8d99-824d36bd9dde,cypher.autos,available,,,high,medium,6,,,,
208557a0-efb0-4087-988f-77e2e95334d9,unsmooth.autos,available,1.8,21.98,high,medium,8,namecheap,,,09/09/2026 18:51
7c63135d-55d5-4b64-bfd8-5a545eda6893,baric.autos,available,1.8,19.98,low,low,5,namecheap,,,08/08/2026 19:31
9cd53c59-66f4-417c-9036-99fc0000e301,dionysia.autos,available,1.99,17.29,high,low,8,namesilo,,,21/09/2026 13:58
b7517207-d695-4a2e-a1b9-bb7c757e6506,saddle.autos,available,1.99,,high,low,6,name.com,,,
99e6fc81-5047-4767-bdc1-2aff91d94e4e,paintable.autos,available,1.8,21.98,medium,low,9,namecheap,,,04/09/2026 23:06
d32c7169-3903-4206-8b10-468b3af34e5d,receiving.autos,available,1.24,13.97,high,low,9,spaceship,,,27/09/2026 17:11
e995c7cd-e77a-4da4-810c-bf8b477d8cb5,opt.autos,available,1.99,17.29,high,low,3,namesilo,,,25/09/2026 12:35
4bcd2f4b-b23b-48ab-aede-25dbafb9bd8d,doing.autos,available,1.99,17.29,high,low,5,namesilo,,,25/09/2026 11:30
990b0dfe-2356-47d5-9855-2ca0e6c31fd0,aalii.autos,available,1.8,21.98,medium,low,5,namecheap,,,16/09/2026 13:12
98d74d58-7f41-4e7e-a681-7a68c5ac996d,narrowly.autos,available,1.8,21.98,medium,low,8,namecheap,,,15/09/2026 16:08
2240e411-28e2-468c-b410-91c9aaa83391,aqua.autos,premium,2600,2600,high,medium,4,namecheap,,,19/09/2026 22:48
3a3d07f0-dc64-4dc3-aee9-a1f79b01413d,xxv.autos,available,1.99,17.29,medium,low,3,namesilo,,,21/09/2026 12:45
896fb48e-d540-4783-9617-6b218a2a9d4d,exposure.autos,available,1.8,21.98,high,low,8,namecheap,,,08/09/2026 13:44
d6195215-a87f-4249-b177-6cec2c730194,uut.autos,available,1.8,21.98,medium,low,3,namecheap,,,20/09/2026 22:17
ee5f4af0-0efe-4a65-8a41-74df894e3692,drawback.autos,available,1.99,17.29,medium,low,8,namesilo,,,24/09/2026 23:54
a9534505-18c2-4c91-8d2c-a3aebbea62f7,fugacious.autos,available,1.8,19.98,medium,low,9,namecheap,,,17/08/2026 10:20
6d43624b-4caf-4957-8a13-161624c6d862,shackled.autos,available,1.8,19.98,medium,low,8,namecheap,,,18/08/2026 02:56
6492b382-0292-45be-9802-0580161aed2e,cyrillic.autos,available,1.99,20.99,medium,low,8,name.com,,,13/08/2026 14:33
29cd8e7f-6447-4dbf-84f7-4fec02b1e312,condemn.autos,available,1.99,15.75,medium,low,7,namesilo,,,
a2b3c000-716a-4699-813f-e1a37e3556ec,kellogg.autos,premium,2660,2660,high,low,7,namesilo,,,27/09/2026 14:32
0aef6d2d-08b7-4b6d-9c0e-a3f7070c6751,cxxx.autos,available,,,high,low,4,,,,
4d366dde-1580-4a1d-8e4a-09261a7a5c2d,jerome.autos,available,1.99,17.29,medium,low,6,namesilo,,,25/09/2026 05:46
d44bec4b-1307-4e55-822e-5ead5ca37b80,grudging.autos,available,1.8,19.98,medium,low,8,namecheap,,,20/08/2026 20:31
6ee10640-3d4d-4c16-8298-9b23c0372ad3,limpid.autos,available,1.8,19.98,high,low,6,namecheap,,,13/08/2026 09:41
dce8efa7-a64a-435e-bd0d-b5a38f20909e,sideburns.autos,available,1.99,,high,low,9,name.com,,,
b77232e9-7c38-4530-a609-b7c1ba8b72dc,aurally.autos,available,1.8,21.98,medium,low,7,namecheap,,,13/09/2026 22:46
a8e95fd0-64c7-4d39-98ee-9a4ce05843e1,calibrated.autos,available,1.8,19.98,high,low,10,namecheap,,,11/08/2026 14:16
e4d5eb71-80c2-4362-8fa5-cb68515b05bc,galicia.autos,available,1.8,21.98,high,low,7,namecheap,,,28/09/2026 01:58
6fce4bac-a186-475a-8a57-8d022004f5ba,acceptable.autos,available,1.99,17.29,high,low,10,namesilo,,,21/09/2026 15:23
4d971d58-bb6a-4311-8be7-c89d667e9cf1,loving.autos,available,1.99,17.29,high,low,6,namesilo,,,25/09/2026 14:30
e5f843f7-af25-45fe-876a-79857dbc1025,beaut.autos,available,1.99,17.29,high,low,5,namesilo,,,22/09/2026 22:16
2e39c41a-64a9-41c8-9678-4914eb6767c5,cleaners.autos,available,1.99,17.29,high,low,8,namesilo,,,24/09/2026 15:26
1423b0a9-619a-4ead-9bfa-5a656fada1d5,excites.autos,available,1.99,17.29,medium,low,7,namesilo,,,20/09/2026 13:19
7b808679-51bf-4da4-a997-7021c3227c0c,abatic.autos,available,1.8,19.98,medium,low,6,namecheap,,,
90f1347f-98df-43ad-8164-742a9883e7f1,jihadi.autos,available,1.8,19.98,medium,low,6,namecheap,,,22/08/2026 13:21
06fc7369-5d3b-4526-80ef-5a48f153819c,holler.autos,available,1.99,17.29,high,low,6,namesilo,,,23/09/2026 00:27
cd6c09ff-25dc-42c2-a7e0-390efd3b4d83,benzoin.autos,available,1.99,17.29,medium,low,7,namesilo,,,20/09/2026 12:33
c3e876aa-1313-4976-8704-efaf3259ebd0,leaning.autos,available,1.8,19.98,high,low,7,namecheap,,,07/08/2026 13:24
411da9d7-f58c-4345-bfc0-c06e7608daff,dreamlike.autos,available,1.8,19.98,high,low,9,namecheap,,,14/08/2026 18:45
ff55e0f9-21b8-4951-8f3e-d10e4ec51a42,preview.autos,available,1.99,,high,low,7,name.com,,,
f9ec9f70-15d4-4b10-a149-5c9f7a2c4853,ballpen.autos,available,1.99,17.29,medium,low,7,namesilo,,,21/09/2026 23:22
88c848e4-407d-45ff-9a4e-f4fc8adf9e09,scooped.autos,available,1.8,21.98,medium,low,7,namecheap,,,17/09/2026 23:31
e075afc3-ac79-4a9c-b3c8-988bc650bc44,hollow.autos,available,1.8,19.98,high,low,6,namecheap,,,21/08/2026 10:31
ff036ef3-c15a-4b2a-8d67-668c82650015,ablated.autos,available,1.8,19.98,medium,low,7,namecheap,,,
76ac1e3f-4155-45ab-b59c-a6895674886b,springy.autos,available,1.8,19.98,high,low,7,namecheap,,,10/08/2026 21:49
7de23474-81c9-42b3-b4d6-dae3d24d8191,papers.autos,available,1.99,17.29,high,low,6,namesilo,,,24/09/2026 23:21
94c857b2-4ea7-4a7d-ae83-b9b3c7db21ec,boarding.autos,available,1.99,17.29,high,low,8,namesilo,,,27/09/2026 11:44
0916a5b3-a151-4619-85be-f79136a73134,awfully.autos,available,1.99,17.29,medium,low,7,namesilo,,,22/09/2026 15:26
78348bd7-b33b-46c3-b4fa-6777e6a0e572,thom.autos,available,1.24,13.97,medium,low,4,spaceship,,,28/09/2026 04:11
9cbda16f-900f-4569-a429-585112535527,sorcery.autos,available,1.99,20.99,high,low,7,name.com,,,23/09/2026 23:51
2627533c-ba26-4957-a1b2-0e9ff17476e5,sideboard.autos,available,1.99,17.29,high,low,9,namesilo,,,24/09/2026 10:55
838ff25e-e040-418a-ac48-d99d8e25239d,rights.autos,available,1.99,17.29,medium,low,6,namesilo,,,17/09/2026 03:52
aab3c8ae-2247-40cc-b478-f45c9e721ba4,grumble.autos,available,1.8,19.98,high,low,7,namecheap,,,20/08/2026 20:38
5bfbcaf4-ef94-436c-b590-4f01a93bc72b,alprazolam.autos,available,1.99,17.29,medium,low,10,namesilo,,,18/09/2026 14:08
5373df73-408e-4825-8dd3-8d52037518b5,agronomic.autos,available,1.8,19.98,medium,low,9,namecheap,,,
23b7e878-7f78-4f0c-99ec-9027fba71f74,fijian.autos,available,1.8,19.98,high,low,6,namecheap,,,18/08/2026 04:02
e8814fcc-88ac-42c3-b862-9880a2f40a54,baikal.autos,available,1.8,21.98,high,low,6,namecheap,,,21/09/2026 18:54
b0c59f1f-8122-43f1-9458-b87794cb8600,sinister.autos,available,1.8,19.98,medium,low,8,namecheap,,,24/08/2026 20:02
ffa89605-ee11-480b-84a6-f99b0631f44f,higher.autos,available,1.99,,high,low,6,name.com,,,
1f8afd0a-f787-4978-91ca-64ec320d9294,worthwhile.autos,available,1.99,,high,low,10,name.com,,,
5d4189bc-8edc-4a84-854e-67ab7ca50518,eagerness.autos,available,1.99,17.29,high,low,9,namesilo,,,21/09/2026 09:28
0fa6de3d-566d-4a97-8bac-dc5a200a460a,straggly.autos,available,1.8,21.98,high,medium,8,namecheap,,,09/09/2026 10:04
de921c2e-b2bb-43ef-b5c9-b50cc0cb6610,lacing.autos,available,1.8,21.98,medium,low,6,namecheap,,,13/09/2026 11:13
a6ecd7d0-ff26-426f-a6c6-0449946f54da,smothered.autos,available,1.8,21.98,medium,low,9,namecheap,,,10/09/2026 12:11
57a9946d-3f1b-4818-b6bc-817a71256bc5,antlia.autos,available,1.8,21.98,medium,low,6,namecheap,,,19/09/2026 15:21
a3bb2715-3f01-4060-a0a1-e244d1d96865,askew.autos,available,1.8,19.98,medium,low,5,namecheap,,,07/08/2026 03:31
0de412ad-b75a-4e2f-a205-3a0caadc6417,unverified.autos,available,1.8,21.98,medium,low,10,namecheap,,,12/09/2026 22:13
7703b77c-0800-425b-b70c-cc8331b86668,dogsit.autos,available,1.99,15.75,high,low,6,namesilo,,,
c751ca4c-2a58-4006-9d4b-6382790d1524,anisotropy.autos,available,1.99,17.29,medium,low,10,namesilo,,,19/09/2026 09:38
a551a0a2-f295-4aa7-b18d-45b21a613bbe,intestinal.autos,available,1.8,21.98,medium,low,10,namecheap,,,04/09/2026 08:14
6450ae84-e85a-48a7-8cf1-6cc7dd0002fe,sprayer.autos,available,1.99,17.29,high,low,7,namesilo,,,21/09/2026 00:21
c3703811-1951-4064-81fa-5435d714dfc6,deafened.autos,available,1.99,20.99,medium,low,8,name.com,,,13/08/2026 19:52
fa4dcfc7-373a-4226-87ea-26939900a481,greyed.autos,available,1.8,19.98,medium,low,6,namecheap,,,20/08/2026 20:04
c5f0e211-e2fc-4471-8061-9bd36eaa7e1f,analogical.autos,available,1.8,19.98,medium,low,10,namecheap,,,
ef145ba9-7b2d-4e86-b67a-31c49b93d319,rekt.autos,available,1.99,,low,low,4,name.com,,,
bbd95f83-3ae8-452f-909c-342d3d0b09a0,radon.autos,available,1.99,17.29,high,low,5,namesilo,,,21/09/2026 00:00
e5e39a0f-5a7c-44f8-bfaa-c49a67a9590d,anglesey.autos,available,1.99,17.29,high,low,8,namesilo,,,19/09/2026 06:27
93f4682d-e767-4bba-8df5-efb688ccd175,lugubrious.autos,available,1.8,19.98,medium,low,10,namecheap,,,24/08/2026 11:04
198c7482-7fe5-4132-9512-b830e84a1069,bugged.autos,available,1.99,17.29,medium,low,6,namesilo,,,23/09/2026 10:21
56237cbd-c131-4302-a522-b75a6e73687c,racy.autos,available,1.8,19.98,medium,low,4,namecheap,,,18/08/2026 18:00
51bc9e5a-b0f4-4505-8f78-9b3b474c841c,contingent.autos,available,1.99,17.29,high,low,10,namesilo,,,23/09/2026 22:07
7c7cd85a-1ab4-418f-ac78-4e1b8e884861,fridge.autos,available,1.99,15.75,high,low,6,namesilo,,,
01069016-601a-4bed-a639-7c19c782269c,honored.autos,available,1.8,19.98,high,low,7,namecheap,,,17/08/2026 13:25
006f3de1-09ff-40de-8ae6-e237052a10bd,titanic.autos,available,1.8,21.98,high,low,7,namecheap,,,11/09/2026 16:30
efd3531f-4caf-4dbe-b6b4-147ee4c50fd2,stays.autos,available,1.8,21.98,high,low,5,namecheap,,,24/09/2026 18:24
57b2b11f-d032-42bd-bf1a-420d92131421,breast.autos,available,1.99,17.29,high,low,6,namesilo,,,24/09/2026 08:29
ea2732ce-c0fb-424e-b695-2f639c343cf6,critically.autos,available,1.99,,medium,low,10,name.com,,,
c98273a1-c8b5-4f82-a7ca-06b88279f8c2,max.autos,premium,812.5,,high,medium,3,name.com,,,
63447dda-6da7-48f6-bb37-4223aa7aadfc,piercing.autos,available,1.8,19.98,high,low,8,namecheap,,,22/08/2026 01:25
9c70dd94-2fbd-4fc4-9986-e9bba5a89824,steer.autos,available,,,high,low,5,,,,
463f383e-7ff2-4c88-a217-7ef1d3d879a8,setting.autos,available,1.99,,high,low,7,name.com,,,
38aaf44e-b5a4-4b5b-a129-d4a2bd217cd4,reality.autos,resell,,,high,low,7,Dynadot Inc,29/01/2026 12:55,29/01/2027 23:59,26/09/2026 08:31
1a9d3014-ae70-4fe3-8785-9e2dd3866660,laureate.autos,premium,2500,2500,high,low,8,name.com,,,22/08/2026 20:57
eeae91ca-c0e9-4212-9f2f-b23a2cf26c02,draft.autos,resell,,,high,low,5,"Spaceship, Inc.",19/03/2026 14:57,19/03/2027 23:59,26/09/2026 05:40
eff19fbc-12d2-42b3-86ea-3cffee6209b4,mao.autos,premium,812.5,,high,low,3,name.com,,,
3446b4a6-c559-4c54-bb8d-8e604a1d842e,cdp.autos,available,1.99,17.29,high,low,3,namesilo,,,28/09/2026 03:37
cf51417b-4000-45ed-ab38-320c2628db10,subsidiary.autos,available,1.99,17.29,high,low,10,namesilo,,,22/09/2026 14:17
27cbc3c6-28d6-4bc2-b800-8e13a5c203de,unhappiness.autos,available,1.99,,medium,low,11,name.com,,,
800b4db7-8358-4c76-bc9c-8bcbc4992e7f,arrested.autos,available,1.8,21.98,medium,low,8,namecheap,,,17/09/2026 20:22
f92c3be9-dbb3-42da-9417-71ac83443727,barrio.autos,available,1.99,17.29,medium,low,6,namesilo,,,22/09/2026 08:38
4c8e812e-df9b-438e-aafe-572927caec65,cruelty.autos,available,1.8,21.98,medium,low,7,namecheap,,,24/09/2026 19:49
7144ae34-cff8-4523-b1c9-833d5b212a68,punily.autos,available,1.8,21.98,low,low,6,namecheap,,,15/09/2026 22:01
bca5b154-8ff0-4942-a1cb-fac3fe91edbf,noon.autos,available,1.99,,high,low,4,name.com,,,
339660de-4665-4fce-bb82-2c2fda7abfa3,ottoman.autos,available,1.8,21.98,high,low,7,namecheap,,,04/09/2026 18:38
5d407fab-c9ab-4196-bdff-7ae8d43a23aa,moorish.autos,available,1.8,19.98,high,low,7,namecheap,,,25/08/2026 05:59
517ccf31-0ed2-4762-b442-e2653d5b2364,mop.autos,available,1.99,,high,low,3,name.com,,,
7ffef98f-bd99-4067-918e-7f0dc5a299cf,marital.autos,available,1.8,19.98,high,low,7,namecheap,,,24/08/2026 15:56
3f6b3869-484c-4d17-92fd-e0c50cf4cded,active.autos,premium,2660,2660,high,low,6,namesilo,,,24/09/2026 06:08
33412442-705c-428a-a8c2-983de30b603c,tiff.autos,available,1.99,17.29,high,low,4,namesilo,,,23/09/2026 13:14
f67148b9-7b73-42ec-83c0-9c84a58e7333,bitstock.autos,available,1.99,17.29,medium,low,8,namesilo,,,23/09/2026 22:47
1548166d-d2fa-4711-9b6f-adbce3fd4849,opulent.autos,available,1.8,19.98,high,low,7,namecheap,,,14/08/2026 00:58
06d5692c-0d02-4822-a609-8570dcf7a27e,thermoset.autos,available,1.8,21.98,medium,low,9,namecheap,,,11/09/2026 12:58
f67efa15-b80e-4ece-9682-ad3d1b079c9a,wounding.autos,available,1.8,21.98,medium,low,8,namecheap,,,10/09/2026 17:53
21f04b08-816f-47f2-b7da-71ab6b475bbe,theatres.autos,available,1.99,17.29,medium,low,8,namesilo,,,20/09/2026 19:41
b20268e5-20a5-40ab-8f3c-e722c18d9303,inductive.autos,available,1.8,19.98,medium,low,9,namecheap,,,22/08/2026 03:29
b03b944e-49d6-4037-916b-a0eb65929078,reclusive.autos,available,1.8,21.98,medium,low,9,namecheap,,,09/09/2026 11:40
73e9e9ac-5a4c-40c4-ae6a-272bda05955c,tapped.autos,available,1.8,21.98,high,low,6,namecheap,,,11/09/2026 08:19
4de87fca-e166-45b4-b782-60e555e994b3,nuptial.autos,available,1.8,19.98,high,low,7,namecheap,,,11/08/2026 03:55
9216ce7f-8d42-4da4-9e4d-da9b6fe4e74d,andvari.autos,available,1.99,17.29,medium,low,7,namesilo,,,19/09/2026 05:02
046ec0b5-2bf4-4c05-99bd-c3d0c12e1d2d,exiguous.autos,available,1.8,19.98,medium,low,8,namecheap,,,17/08/2026 17:18
ef5c815f-dd03-4ff6-9169-501df8a524a1,unusual.autos,available,1.24,13.97,high,low,7,spaceship,,,28/09/2026 01:29
7b2c113e-1b34-45a2-9326-bdb1277385c2,warhol.autos,available,1.99,17.29,high,low,6,namesilo,,,19/09/2026 05:06
dc6e2694-7c5f-4463-a86b-a68df80c642a,shortened.autos,available,1.8,21.98,high,medium,9,namecheap,,,10/09/2026 06:48
c296cc3b-a32a-4595-9b61-4ce0d382282e,cognizant.autos,available,1.8,19.98,high,low,9,namecheap,,,08/08/2026 00:13
a1496df1-d46e-4c5c-b7c9-342584b778b7,revokable.autos,available,1.8,21.98,medium,low,9,namecheap,,,09/09/2026 16:23
ed81e417-7eac-43bb-a170-618d9cdf6357,autarchic.autos,available,1.8,19.98,medium,low,9,namecheap,,,07/08/2026 18:36
044d27b9-b57e-4e38-9613-02fcb90c9e8f,grugru.autos,available,1.99,17.29,medium,low,6,namesilo,,,17/09/2026 03:33
48c335ee-ac23-4d48-a5b8-1c2c4260dcea,nihilist.autos,available,1.99,17.29,medium,low,8,namesilo,,,19/09/2026 02:26
ec877006-8551-485d-8c6e-9d13b985e54f,saddled.autos,available,1.8,21.98,high,medium,7,namecheap,,,09/09/2026 20:41
3b94455a-89ea-4a8c-a975-684b816f5010,abundantly.autos,available,1.99,15.75,high,low,10,namesilo,,,
3e269e84-70de-4e12-b085-8c00027f7478,wiped.autos,available,1.24,13.97,low,low,5,spaceship,,,28/09/2026 04:58
759c72bd-1e97-407d-b843-f14bc8c0e53c,russ.autos,resell,,,high,low,4,,,,27/09/2026 18:02
eb2d5652-133b-4324-adba-ec2f52de1684,precordial.autos,available,1.8,21.98,high,medium,10,namecheap,,,09/09/2026 01:19
2787db29-ed20-40a0-b8e6-9c54ff1a0abf,winfred.autos,available,1.99,20.99,medium,low,7,name.com,,,19/09/2026 19:23
5571a5ff-ed39-470c-a871-510c04e9c32d,affirmed.autos,available,1.99,17.29,high,low,8,namesilo,,,17/09/2026 14:27
a64c5c8c-739a-4404-9dbd-ca852645924d,adige.autos,available,1.99,17.29,medium,low,5,namesilo,,,17/09/2026 08:16
4ddb63df-3165-4878-89f8-9868fb115bd1,cytherea.autos,available,1.99,17.29,medium,low,8,namesilo,,,19/09/2026 17:16
c5022434-3315-498c-98cf-4e0c8e037299,memorize.autos,available,1.99,,high,low,8,name.com,,,
72171e53-d6bb-4f43-b237-fb6e5b41bded,arouse.autos,available,1.8,19.98,high,low,6,namecheap,,,07/08/2026 23:59
7e781d27-2b08-4639-989d-484604a07dc1,misdirect.autos,available,1.8,19.98,medium,low,9,namecheap,,,13/08/2026 02:26
aaf6a916-ba46-4060-8488-1f78c639d9b0,cleverness.autos,available,1.99,17.29,high,low,10,namesilo,,,24/09/2026 15:36
c84b2021-34fd-4437-924f-6038488fcda1,baste.autos,available,1.99,17.29,medium,low,5,namesilo,,,22/09/2026 12:43
1c2ff7bc-ac62-4f76-9552-f45d6a83dad8,formless.autos,available,1.8,19.98,medium,low,8,namecheap,,,
e721bdb4-41ef-43a7-ac2e-726aac371a03,offstage.autos,available,1.8,19.98,high,low,8,namecheap,,,08/08/2026 06:14
c80fdf99-e008-4189-a27a-6afa757cce1b,absentee.autos,available,1.99,17.29,medium,low,8,namesilo,,,16/09/2026 17:43
c6976744-c7db-47ca-9b19-58419c3fa376,victoria.autos,premium,812.5,,high,low,8,name.com,,,
462fc81f-e49a-410d-ada4-4ca255bf493d,attestor.autos,available,1.99,17.29,medium,low,8,namesilo,,,21/09/2026 01:38
81685431-cdb2-47aa-84f8-74542f4b8ec4,hilbert.autos,available,1.8,21.98,high,low,7,namecheap,,,28/09/2026 05:30
3ea8a4f8-9181-4d0b-a846-27de3fce38b3,hagen.autos,available,1.24,13.97,high,low,5,spaceship,,,27/09/2026 20:14
4635a48d-4c4a-4741-89c1-f3a4173b932c,trifid.autos,available,1.8,21.98,medium,low,6,namecheap,,,11/09/2026 19:33
70d28175-c9e4-446c-af7d-ac7b9e621633,dagger.autos,available,1.8,21.98,high,low,6,namecheap,,,24/09/2026 20:52
a76d3294-daf7-44b6-932d-1ad2c4e46ace,fewer.autos,available,1.99,17.29,medium,low,5,namesilo,,,24/09/2026 17:41
acbff73d-2e5e-4572-a33b-a03c18436cab,penciled.autos,available,1.8,21.98,medium,low,8,namecheap,,,08/09/2026 13:55
1be16b60-4869-48c9-a8b6-da87e5a1516b,coxa.autos,available,1.99,17.29,high,low,4,namesilo,,,20/09/2026 11:23
7bc0a3eb-911f-4af4-9784-f32a962d276f,belching.autos,available,1.99,17.29,medium,low,8,namesilo,,,23/09/2026 04:36
247b9485-a667-4b11-8251-b06f5a84bf01,conductor.autos,available,1.99,15.75,high,low,9,namesilo,,,
a7bb4bd2-7bfa-47a4-bdb8-35de932b7eaf,filesize.autos,available,1.99,15.75,medium,low,9,namesilo,,,
3bee0946-3e01-48a2-b764-273fde6cf338,families.autos,available,1.99,15.75,high,low,8,namesilo,,,
4fd05fcb-a5e0-4516-8290-d237b7080b5a,shopsoiled.autos,available,1.8,21.98,high,medium,10,namecheap,,,10/09/2026 06:45
fb23adf8-1efc-4f99-b140-fc55e94bd231,psychiatrist.autos,available,1.8,21.98,high,low,12,namecheap,,,27/09/2026 16:44
8b5db0ea-c2a8-4872-9274-3dd8041361eb,terence.autos,available,1.8,21.98,medium,low,7,namecheap,,,27/09/2026 15:27
168020a6-0de3-4ba8-a073-e58426e4cd89,forehand.autos,available,1.8,19.98,medium,low,8,namecheap,,,18/08/2026 11:38
4afdb51b-3962-4b71-ab0a-25a447b271ab,martial.autos,available,1.8,19.98,high,low,7,namecheap,,,24/08/2026 16:36
c77e639b-7a81-461b-8f68-14fccf27a97f,esthesia.autos,available,1.8,21.98,medium,low,8,namecheap,,,17/09/2026 13:25
2a1b30d6-bfec-4feb-a801-af6843e427af,basement.autos,available,1.99,15.75,high,low,8,namesilo,,,
10049263-a0f7-41ef-95f6-b33f3b596f61,bandolier.autos,available,1.99,17.29,medium,low,9,namesilo,,,22/09/2026 01:27
cfa8a915-fa20-470a-8e2e-8d2716f87167,argue.autos,available,1.99,15.75,high,low,5,namesilo,,,
1488a310-e351-4ad4-8f34-5252f52fcc9c,nowadays.autos,available,1.99,17.29,high,low,8,namesilo,,,27/09/2026 05:06
2606e0c3-ed59-4a49-911d-43bd1f09f57f,cognate.autos,available,1.8,19.98,high,low,7,namecheap,,,10/08/2026 15:14
ed25485c-a8a7-4786-a597-08e25bd97331,devious.autos,available,1.8,19.98,medium,low,7,namecheap,,,14/08/2026 05:10
6a35f881-a838-40a6-bb55-cb4aa03a8d1e,signaling.autos,available,1.8,21.98,high,medium,9,namecheap,,,10/09/2026 08:00
8c4df2af-5ae8-42ab-967a-28ad69e06c9a,emergent.autos,available,1.8,19.98,high,low,8,namecheap,,,16/08/2026 14:17
309c8787-4713-44ac-8106-d99207f3904f,bane.autos,available,1.99,17.29,medium,low,4,namesilo,,,22/09/2026 01:39
77af4c4f-e184-4ad3-92d0-d1b32c1df6af,euphoric.autos,available,1.8,19.98,high,low,8,namecheap,,,17/08/2026 14:22
7321ea96-7752-4706-baee-0ee5aebb5da9,thurston.autos,available,1.99,17.29,medium,low,8,namesilo,,,28/09/2026 04:06
1a1b6bda-a4fe-41e6-b6b7-2c615e6c9e6c,domingo.autos,available,1.99,17.29,high,low,7,namesilo,,,25/09/2026 04:55
2109ad21-a047-4489-a4ca-c062f5d31a59,absorb.autos,available,1.8,21.98,high,low,6,namecheap,,,10/09/2026 19:56
c8f7f8d9-13fe-4069-b224-5ecd833db48e,decisively.autos,available,1.8,21.98,medium,low,10,namecheap,,,14/09/2026 11:10
56c5de99-0047-4618-a636-7ced794be4db,unredeemed.autos,available,1.8,21.98,medium,low,10,namecheap,,,12/09/2026 17:55
3ecba30c-aad5-4030-9b4e-cc2934d45652,posts.autos,available,1.99,17.29,medium,low,5,namesilo,,,19/09/2026 00:49
035e69ce-9ad6-4d8f-bb26-c090de8e0a8c,foetal.autos,available,1.8,19.98,medium,low,6,namecheap,,,18/08/2026 02:18
9278727d-286e-430b-965d-5dd2f2583544,abreaction.autos,available,1.99,20.99,medium,low,10,name.com,,,16/09/2026 17:06
380a36f6-aad9-417c-b8e9-327bbf9f6ad4,topped.autos,available,1.8,21.98,medium,low,6,namecheap,,,11/09/2026 17:53
330c2dce-2833-4379-8815-a89c1cf2f951,homeward.autos,available,1.8,19.98,high,low,8,namecheap,,,21/08/2026 11:22
6a18eb90-ee3e-487e-a601-0ad25b12a6f0,bricks.autos,available,1.99,15.75,high,low,6,namesilo,,,
8e501b26-bd04-4878-8705-9910d4851699,bogus.autos,available,1.8,19.98,medium,low,5,namecheap,,,08/08/2026 22:58
14b041c2-9f42-4f47-8321-e843e5364a75,trimly.autos,available,1.99,17.29,medium,low,6,namesilo,,,16/09/2026 09:29
a181c9d5-3988-4fad-814a-14c93b3ffbb1,bared.autos,available,1.99,17.29,medium,low,5,namesilo,,,22/09/2026 17:24
8d70859d-5351-438d-8c30-941c038dd2a2,maths.autos,available,1.99,,high,low,5,name.com,,,
03bcc559-e10d-4b51-b5ef-6812bed4175c,animus.autos,available,1.99,17.29,high,low,6,namesilo,,,19/09/2026 09:22
6d520283-08b8-4bb5-ad34-44ace52ad445,unusable.autos,available,1.8,21.98,medium,low,8,namecheap,,,12/09/2026 21:58
fa477801-48b9-4167-b20d-02281acdd03e,aphesis.autos,available,1.99,17.29,medium,low,7,namesilo,,,19/09/2026 16:55
92f61e55-fda3-4303-9bca-e9f70de20d2c,paul.autos,premium,812.5,,high,medium,4,name.com,,,
13fece23-af24-4f57-be13-00a9ff5b7ef7,kaufman.autos,available,1.99,17.29,medium,low,7,namesilo,,,25/09/2026 22:56
e34333b4-4232-440c-89de-36987f2ca88e,supervise.autos,available,1.99,,high,low,9,name.com,,,
0c2ef786-600d-40a0-afdb-4f4da1fbd767,immortal.autos,available,1.8,19.98,high,low,8,namecheap,,,21/08/2026 21:12
e22cfd4b-6626-4c87-b6e8-a5225e2111a5,pinch.autos,available,1.99,,high,low,5,name.com,,,
25414912-dc6e-4060-8c10-b80e4f0fca3c,endovenous.autos,available,1.8,19.98,medium,low,10,namecheap,,,17/08/2026 01:21
fadaeae1-d95c-4966-b606-1979609f1950,tagged.autos,available,1.8,19.98,high,low,6,namecheap,,,22/08/2026 17:17
e6ef80b2-ff93-4183-be62-89a0e128c141,amiability.autos,available,1.99,17.29,high,low,10,namesilo,,,17/09/2026 13:57
5f65ed09-4c14-4a66-91b9-7cb3ae9cde07,klamath.autos,available,1.99,17.29,high,low,7,namesilo,,,28/09/2026 06:07
0ea1d4dc-b4ab-4daa-ab9e-db5fbb041048,used.autos,premium,11040,11040,high,low,4,namesilo,,,25/09/2026 07:44
370a39ab-f3e4-4e28-9089-713bed8a880a,sgt.autos,available,1.99,17.29,high,low,3,namesilo,,,27/09/2026 06:19
85b942ab-4012-4ea1-8147-a0e461d6c1fe,drawn.autos,available,1.99,17.29,high,low,5,namesilo,,,23/09/2026 12:57
eb60ec53-c893-4178-9d38-ce6698c77d0d,giacometti.autos,available,1.99,17.29,high,low,10,namesilo,,,18/09/2026 02:46
60160eb8-2cdd-4668-a08e-15267f971fde,notwithstanding.autos,available,1.99,,medium,low,15,name.com,,,
4d6be7f4-d5f2-4905-892e-b356cd877c29,waxy.autos,available,1.8,19.98,medium,low,4,namecheap,,,09/08/2026 14:13
836a46d0-7c66-479c-844e-7759951a0b53,beano.autos,available,1.8,21.98,medium,low,5,namecheap,,,22/09/2026 20:40
fb0f2b37-8821-4bff-be5b-085711ef39ab,sunk.autos,available,1.8,21.98,medium,low,4,namecheap,,,11/09/2026 01:50
f911b903-1437-4f3b-96a2-fc6406113a34,tolerably.autos,available,1.8,21.98,high,medium,9,namecheap,,,10/09/2026 12:56
8e0ff0fa-ab1e-4a8d-837c-ef7ff1374d2d,trussed.autos,available,1.8,21.98,medium,low,7,namecheap,,,11/09/2026 15:47
7016dc72-b57e-4a16-ad1f-bf9a3b1fcce0,monkfish.autos,available,1.99,17.29,medium,low,8,namesilo,,,18/09/2026 11:42
6fe2cda4-d961-4c61-a3e9-f6edec63be80,kweek.autos,available,1.8,21.98,medium,low,5,namecheap,,,21/09/2026 18:35
49d8df54-691f-4f71-a814-2c0ff222952b,debile.autos,available,1.99,20.99,medium,low,6,name.com,,,13/08/2026 20:28
2a103e30-1aa0-4b21-916c-5edb93daa4c0,mockery.autos,available,1.8,19.98,medium,low,7,namecheap,,,22/08/2026 12:39
cc719837-dc16-4035-a680-efa493a9a9c2,accurate.autos,available,1.99,17.29,high,low,8,namesilo,,,21/09/2026 15:59
700afb28-9226-4c90-ad6b-bd11c962e378,stepson.autos,available,1.99,,high,low,7,name.com,,,
8a2f78ce-0896-4f4c-b1d7-a64756df0490,quadratic.autos,available,1.8,21.98,high,low,9,namecheap,,,09/09/2026 07:19
3a1ef4b5-5a3c-4a13-b063-92b47a227ab3,amorphous.autos,available,1.8,19.98,medium,low,9,namecheap,,,
60895d49-bd9d-4a3b-80b9-79174cde23d2,intimate.autos,available,1.99,17.29,high,low,8,namesilo,,,25/09/2026 10:27
eb622cf8-3e2c-424e-8d9a-56a4e7d0642b,birdie.autos,available,1.8,21.98,high,low,6,namecheap,,,23/09/2026 20:41
404851ae-411c-42e7-8876-2293c5181195,agerasia.autos,available,1.99,17.29,medium,low,8,namesilo,,,17/09/2026 17:14
8d64bfe7-7f77-4d29-b41e-0ad5753259db,passport.autos,available,1.99,17.29,high,low,8,namesilo,,,27/09/2026 04:57
9d244cef-be15-4762-86bd-eb5bc7536e94,below.autos,available,1.8,21.98,high,low,5,namecheap,,,24/09/2026 12:01
047f7b35-4e4d-49de-891c-0102c23598e0,eloquent.autos,available,1.8,19.98,high,low,8,namecheap,,,16/08/2026 06:14
ba64b447-d604-4dda-83ab-321258fdc02d,avellan.autos,available,1.8,19.98,medium,low,7,namecheap,,,07/08/2026 22:24
e86539e0-e474-4e76-b21b-073e3bc6f52f,begging.autos,available,1.99,17.29,medium,low,7,namesilo,,,23/09/2026 02:16
d73b0b17-7e5b-485c-aec9-629369c280ef,wizardly.autos,available,1.8,19.98,medium,low,8,namecheap,,,24/08/2026 13:02
308bc457-55bd-4b4a-ae44-eab82cf6bb93,memories.autos,available,1.99,17.29,medium,low,8,namesilo,,,25/09/2026 17:07
217da65f-60ef-4e35-863b-4bf971c2e093,webbed.autos,available,1.8,21.98,medium,low,6,namecheap,,,03/09/2026 16:04
992293e2-68cd-4664-af97-56bb671c3290,avowal.autos,available,1.99,20.99,medium,low,6,name.com,,,17/09/2026 14:26
fa29cb82-aa98-485e-a3b4-cce26d787fcc,ivry.autos,available,1.99,17.29,medium,low,4,namesilo,,,22/09/2026 15:16
82aaec36-4040-49b7-aebf-bc7448ac0498,alienation.autos,available,1.99,17.29,high,low,10,namesilo,,,18/09/2026 07:35
4316b73c-4907-4feb-a75a-2e2f82bd6bac,trios.autos,available,1.99,17.29,medium,low,5,namesilo,,,19/09/2026 22:38
0c2c82b2-1092-4fe3-bd43-0c23600d4e29,scapular.autos,available,1.8,21.98,medium,low,8,namecheap,,,09/09/2026 22:51
e382bd8a-483a-4187-aca5-21d613fcee55,branching.autos,available,1.8,19.98,high,low,9,namecheap,,,11/08/2026 02:08
2bd79d47-44cf-4204-ae26-a68c178c6ea0,wear.autos,available,1.8,21.98,high,low,4,namecheap,,,27/09/2026 08:43
630335dd-622f-4b5b-8136-e602fb22fbec,alonso.autos,available,1.99,20.99,high,low,6,name.com,,,18/09/2026 07:29
47990fce-c431-421e-b4f1-3afbc32c7791,loose.autos,available,1.99,17.29,medium,low,5,namesilo,,,22/09/2026 10:42
6a41047e-46ac-4faa-9e68-189ef95e6cdb,governance.autos,available,1.8,19.98,high,low,10,namecheap,,,20/08/2026 17:22
69a93cfb-00ed-4039-b829-dc0ed991c060,aplitic.autos,available,1.8,19.98,medium,low,7,namecheap,,,06/08/2026 00:35
e0a57bae-4470-4b26-8d05-84528dd3d92e,uncolored.autos,available,1.8,21.98,medium,low,9,namecheap,,,12/09/2026 02:06
b3332642-d02d-4868-9b88-097c9d06811e,faber.autos,available,1.24,13.97,high,low,5,spaceship,,,28/09/2026 04:12
eb43eae1-7196-4c67-84f3-6fa609e2ea6e,wildcat.autos,available,1.8,19.98,high,low,7,namecheap,,,11/08/2026 07:09
b47e2d77-1090-4869-b22f-ec9bd957a186,administration.autos,available,1.8,21.98,high,low,14,namecheap,,,28/09/2026 03:19
c65e0d5b-af41-4ccc-9ec3-ef72123e84bb,hunker.autos,available,1.8,21.98,medium,low,6,namecheap,,,10/09/2026 17:39
2241b167-1570-4050-b7ac-ed9fc974c7ce,condo.autos,premium,812.5,,high,low,5,name.com,,,
32fa466a-8482-4bde-a704-dc67ed9b664a,solvent.autos,available,1.99,17.29,high,low,7,namesilo,,,19/09/2026 16:47
4137f4dd-5b0d-4f2c-8833-b115d8660e0a,kinglike.autos,available,1.8,19.98,medium,low,8,namecheap,,,22/08/2026 16:19
7a8a851c-aca1-4c94-93ac-dda534b6b40b,valueable.autos,available,1.99,,medium,low,9,name.com,,,
7bd860a1-45cf-45a0-b751-a5beadc9058e,acridid.autos,available,1.99,17.29,medium,low,7,namesilo,,,17/09/2026 02:59
923cfafe-52b7-4143-b208-86f9df7644e4,berbers.autos,available,1.99,17.29,medium,low,7,namesilo,,,19/09/2026 23:24
c76f027a-f3be-4fe9-8e64-b36496e8cdc1,cant.autos,available,1.8,21.98,medium,low,4,namecheap,,,13/09/2026 04:09
a3320e42-bdc4-4e60-90fc-a8109eb0112b,acanthion.autos,available,1.8,21.98,medium,low,9,namecheap,,,16/09/2026 20:39
6d9cb45c-6215-4ede-ab75-d9ad1efe9791,ugh.autos,available,1.99,,medium,low,3,name.com,,,
69a460e8-4c1c-4cae-96b7-3ac965efa39b,shelled.autos,available,1.8,21.98,high,medium,7,namecheap,,,10/09/2026 06:25
7a97db01-a005-495d-a1a3-5ce97fe62676,ambivalence.autos,available,1.99,15.75,high,low,11,namesilo,,,
8b2d950b-b850-434c-9f57-af9984bae38f,overshot.autos,available,1.8,21.98,medium,low,8,namecheap,,,04/09/2026 21:51
2457895a-2285-4754-a1d4-bb991b44c257,untidy.autos,available,1.8,21.98,medium,low,6,namecheap,,,12/09/2026 21:22
8983f6a8-2d5d-4908-871c-343147739e42,polyploid.autos,available,1.8,21.98,medium,low,9,namecheap,,,08/09/2026 23:29
01228eee-4de5-4716-a158-051a2a959f31,surly.autos,available,1.8,21.98,medium,low,5,namecheap,,,11/09/2026 04:06
c2260e0b-bf97-47ca-b775-b5d65dd53bf9,follower.autos,available,1.99,15.75,high,low,8,namesilo,,,
67a4bcbf-cbc2-43d5-9590-e0e23cb4d827,slue.autos,available,1.8,21.98,high,medium,4,namecheap,,,10/09/2026 06:20
4223adba-9f24-475e-90f9-9b2179984e58,delta.autos,premium,2500,,high,medium,5,name.com,,,
cf8a6358-f697-4c9b-b71e-dbe5d846e5e8,incitive.autos,available,1.8,19.98,medium,low,8,namecheap,,,22/08/2026 01:27
409ae8f6-0480-47a1-bb4f-dcc4624c039a,corned.autos,available,1.8,19.98,medium,low,6,namecheap,,,13/08/2026 01:33
a6e5ae75-c372-4a52-85f0-88b9710343ad,alqaeda.autos,available,1.99,17.29,medium,low,8,namesilo,,,18/09/2026 00:59
46076964-58b3-4911-93cb-f22943dda393,hemorrhage.autos,available,1.99,17.29,medium,low,10,namesilo,,,24/09/2026 05:28
e4d7541f-1506-4efd-8989-e15678396806,gently.autos,available,1.99,,high,low,6,name.com,,,
c130d002-ee5c-450a-a740-13a2153cb5eb,lineage.autos,available,1.8,21.98,high,low,7,namecheap,,,08/09/2026 13:04
2eaa8ad6-4310-47aa-abc5-21dc17c29cb1,postbox.autos,available,1.99,,high,low,8,name.com,,,
ef83b2cd-6b59-42fc-9f94-48afc76719da,hair.autos,premium,812.5,,high,low,4,name.com,,,
c06ab291-3085-4234-8ab6-73d6c9187ae6,conduct.autos,available,1.99,17.29,high,low,7,namesilo,,,23/09/2026 03:13
72429514-1031-4f9e-a6ad-6f48d442d03b,apolitical.autos,available,1.8,19.98,medium,low,10,namecheap,,,06/08/2026 02:02
6232c6fe-a2ba-420e-94e8-9575476c0e96,azygous.autos,available,1.8,19.98,medium,low,7,namecheap,,,08/08/2026 03:27
05a545d4-4442-4271-b5bd-c9c90611b36f,indigenous.autos,available,1.8,19.98,high,low,10,namecheap,,,07/08/2026 19:31
7f6af1ea-8e94-492b-a199-6db71e7b78b3,native.autos,available,1.8,21.98,high,low,6,namecheap,,,03/09/2026 13:45
503ae10b-365e-4798-8a9d-8d28ba0fb333,trivial.autos,available,1.8,21.98,high,low,7,namecheap,,,24/09/2026 17:54
46c8575b-ce24-4aa7-ac09-07b7a5d611e4,soigne.autos,available,1.8,21.98,medium,low,6,namecheap,,,10/09/2026 13:28
f3b65fc1-cd65-4f71-9906-f0210fa24afa,faultless.autos,available,1.8,19.98,high,low,9,namecheap,,,18/08/2026 00:05
11a34fc4-1e9a-4012-b402-077b62b00099,panamanian.autos,available,1.8,21.98,high,low,10,namecheap,,,05/09/2026 00:34
73425b25-f1b0-490f-b9ab-b641340834c7,main.autos,resell,,,high,low,4,"Spaceship, Inc.",10/08/2026 16:14,10/08/2027 23:59,26/09/2026 07:23
9183bff9-b9dd-4df8-ab6b-8fc0bd8c4d38,backwash.autos,available,1.99,17.29,medium,low,8,namesilo,,,17/09/2026 15:44
ad9d9e00-86d6-4a7d-a2ef-53f53897f6d8,anarchist.autos,available,1.99,17.29,high,low,9,namesilo,,,19/09/2026 02:24
319e2c6b-4393-47b8-8c3f-625daae3dad2,superheroes.autos,available,1.99,17.29,medium,low,11,namesilo,,,21/09/2026 05:42
f66cc2d6-bb12-4e54-add6-36983ff3a270,deficient.autos,available,1.8,19.98,medium,low,9,namecheap,,,13/08/2026 23:22
19f7a5e7-c3b0-4b71-8c39-0595d9fef9c4,chime.autos,available,1.99,15.75,high,low,5,namesilo,,,
7300bbd3-65f0-49d7-bdb8-5ab1561f5b0c,debase.autos,available,1.8,19.98,medium,low,6,namecheap,,,
c63dad76-76b3-4ecd-9beb-0571f50ea4cf,erratum.autos,available,1.8,19.98,medium,low,7,namecheap,,,24/08/2026 07:21
8112ea60-f11c-4ca0-b529-2cb106da7e5b,testicular.autos,available,1.8,21.98,medium,low,10,namecheap,,,11/09/2026 12:06
893a2b74-5044-4ae7-b795-71ef42f84705,clarion.autos,available,1.8,19.98,high,low,7,namecheap,,,12/08/2026 09:38
280e5853-4c45-4bc1-90bf-c38dde8e891c,algol.autos,available,1.99,17.29,medium,low,5,namesilo,,,18/09/2026 07:05
5631743a-9773-411e-9a65-566185e0e072,truncated.autos,available,1.8,21.98,medium,low,9,namecheap,,,11/09/2026 20:42
c9969694-aa29-4803-943d-c81c02d4ee98,gloss.autos,available,1.8,21.98,high,low,5,namecheap,,,08/09/2026 22:58
dc3e85ca-40b3-4b33-b569-d2ced6f8d2f7,mediatory.autos,available,1.8,19.98,medium,low,9,namecheap,,,24/08/2026 18:55
9211f40d-cf45-422f-b722-5dc6b57f9f8e,bern.autos,available,,,high,low,4,,,,
dcc55caf-d6fc-4a84-a86b-a7ce2de7ce43,accounted.autos,available,1.99,15.75,medium,low,9,namesilo,,,
32de85f2-89b0-43f8-baed-b8eb99128846,jelly.autos,available,1.99,,high,low,5,name.com,,,
ac1c3d13-eef2-44d5-a543-e451222b5d9f,skype.autos,premium,2500,,high,medium,5,name.com,,,
0e0e208e-df6b-4942-bc98-03026665253a,rear.autos,available,1.8,21.98,high,low,4,namecheap,,,22/09/2026 19:06
dd2ac763-676e-4617-8e23-d5c218cba3f3,fran.autos,available,1.99,17.29,high,low,4,namesilo,,,25/09/2026 10:20
3f854e33-1238-4797-ae26-886cfbcad4c6,absolved.autos,available,1.8,19.98,high,low,8,namecheap,,,
27a642a5-97be-44c9-bad4-07981ba09ea4,disputed.autos,available,1.8,19.98,medium,low,8,namecheap,,,14/08/2026 12:12
72a0389f-2e20-4c5d-b03b-1bf31ef46e10,corregidor.autos,available,1.99,17.29,medium,low,10,namesilo,,,22/09/2026 13:13
4ab8261d-bcaa-4ad1-8bb5-12968252180e,panadol.autos,available,1.99,17.29,high,low,7,namesilo,,,16/09/2026 23:53
b0f104a7-e1a5-40ca-a779-5c53412ae9a9,avena.autos,available,1.99,17.29,high,low,5,namesilo,,,21/09/2026 08:53
840da3d8-68dc-4913-bd3f-093663e38418,bengali.autos,available,1.8,19.98,medium,low,7,namecheap,,,09/08/2026 14:29
f31989c5-aeee-4d07-bd49-dc0c0425689e,bye.autos,available,1.99,15.75,high,low,3,namesilo,,,
9d002f51-8293-4f1c-aaae-1baced8df5ad,sheepish.autos,available,1.8,21.98,high,medium,8,namecheap,,,10/09/2026 06:19
d27877ff-20d8-4928-89b3-d5fd7981de6d,muggy.autos,available,1.8,21.98,medium,low,5,namecheap,,,03/09/2026 10:31
2af3c17c-20cb-4919-8d7d-16ceb2a98122,losing.autos,available,1.99,17.29,high,low,6,namesilo,,,25/09/2026 11:49
5ccfbb83-5d2f-4359-acf4-c5d01656ce8b,hoot.autos,available,1.99,20.99,high,low,4,name.com,,,13/08/2026 16:12
ce1bad0d-02ff-4126-955e-83128a872a2e,obtain.autos,available,1.99,,high,low,6,name.com,,,
89aa9937-cb7a-40db-91a7-c6d53bfac115,donnish.autos,available,1.8,19.98,medium,low,7,namecheap,,,14/08/2026 15:53
1cf2707f-7d74-48a6-a470-d44b4a248146,crosstown.autos,available,1.8,19.98,medium,low,9,namecheap,,,13/08/2026 08:13
6311fa5a-18ff-4cfd-8a82-190a7410fd43,ravenna.autos,available,1.8,21.98,medium,low,7,namecheap,,,22/09/2026 15:51
8027cb18-6199-4a8b-b855-9ecb9ad93895,dilute.autos,available,1.8,19.98,high,low,6,namecheap,,,
96d90f07-2f9c-418f-8c5f-1c0fe468c39c,perry.autos,premium,845,845,high,low,5,namecheap,,,24/09/2026 16:31
ed1dc076-400e-4241-b1f5-d7da78f952ed,funky.autos,available,1.8,19.98,high,low,5,namecheap,,,18/08/2026 02:27
130f9496-1dea-46ac-9103-e57686ca8237,squawk.autos,available,1.99,17.29,high,low,6,namesilo,,,23/09/2026 00:25
1dbacc41-ece1-4b4e-89bf-7cb3dd20e25f,laced.autos,available,1.8,19.98,high,low,5,namecheap,,,22/08/2026 17:44
d779931d-6d3a-4256-a698-146d05dec86a,reactive.autos,available,1.8,21.98,high,low,8,namecheap,,,09/09/2026 10:56
18e2cb40-c84a-4b62-9125-c5305d6f6e43,believer.autos,available,1.99,17.29,high,low,8,namesilo,,,23/09/2026 05:13
25eff186-ea71-469c-a777-b4c9b22d8e7a,burr.autos,available,1.99,17.29,medium,low,4,namesilo,,,16/09/2026 13:29
79e67246-2167-420d-9ee9-bd72b5e0c0c9,sidney.autos,available,1.99,17.29,high,low,6,namesilo,,,27/09/2026 05:44
c94eae9e-92dc-4021-afc1-40c560a2b058,adnate.autos,available,1.8,19.98,medium,low,6,namecheap,,,
e8a116a6-abde-4ee6-829d-351a3395d232,noncitizen.autos,available,1.8,19.98,medium,low,10,namecheap,,,
85c37b19-f87d-4be6-a2a9-3ee32d27c1f7,amusingly.autos,available,1.8,21.98,medium,low,9,namecheap,,,13/09/2026 19:40
1614d7fe-be5d-4096-b087-de9b38934f4c,plans.autos,available,1.99,,high,low,5,name.com,,,
b9937425-6009-4f2e-869f-ff88f83c567c,slimy.autos,available,1.8,19.98,medium,low,5,namecheap,,,14/08/2026 04:03
58d0f7a0-f203-4959-8c7a-022f4dc9847b,void.autos,available,1.99,17.29,high,medium,4,namesilo,,,25/09/2026 23:24
fa4bdb04-4428-4f6e-a28d-f1a00de8c507,atm.autos,available,1.8,21.98,high,low,3,namecheap,,,20/09/2026 18:44
1cbc8f46-efcc-4580-a685-55cfb81f5407,workable.autos,available,1.8,19.98,high,low,8,namecheap,,,17/08/2026 16:53
f82fb782-76d1-4ce6-aa2f-8d7689f6e53e,customer.autos,available,1.99,14.45,high,low,8,dynadot,,,28/09/2026 03:45
8de5492b-654a-488f-a4d0-03d5851ef774,port.autos,resell,,,high,low,4,"Xiamen ChinaSource Internet Service Co., Ltd",06/06/2025 11:16,06/06/2027 23:59,26/09/2026 08:15
bcdacfd2-e51c-4c06-848a-6f5e94fb369c,scouser.autos,available,1.8,19.98,medium,low,7,namecheap,,,24/08/2026 08:11
b743a1b8-19cf-48b9-b5f7-6c8fda039912,texas.autos,premium,812.5,,high,medium,5,name.com,,,
b9dff73c-c187-41ca-b828-8f8bd47f9d84,adoption.autos,available,1.99,17.29,high,low,8,namesilo,,,17/09/2026 09:43
c5d513e1-42d6-4292-9b6b-8fe439243ecb,lesbian.autos,available,1.8,19.98,high,low,7,namecheap,,,23/08/2026 00:15
f20ad4db-545e-4d17-8074-8c56fa7037bd,disgrace.autos,available,1.99,15.75,high,low,8,namesilo,,,
c7adf85f-abe6-401a-9204-3643983c0024,fundamentalism.autos,available,1.99,,medium,low,14,name.com,,,
22f03fac-061c-448a-b579-8ca896b753aa,interviewee.autos,available,1.99,,medium,low,11,name.com,,,
5b59cedc-092a-40ee-a6b8-5f3c7a86f610,inherent.autos,available,1.99,17.29,high,low,8,namesilo,,,23/09/2026 10:30
1c4cb981-7f1f-4682-8966-a727a5b24c12,chant.autos,available,1.99,17.29,high,low,5,namesilo,,,24/09/2026 13:41
a1e0aaca-c822-4c0d-9abc-c6a51cd35331,salad.autos,available,1.99,,high,low,5,name.com,,,
43b21120-b198-4b5a-842e-2f0ae8b68310,pigheaded.autos,available,1.8,19.98,medium,low,9,namecheap,,,11/08/2026 08:32
748203c1-117c-4b10-9039-91edf4b55b80,holman.autos,resell,,,high,low,6,,,,28/09/2026 04:15
f298b6ea-3940-4469-98cf-03c9d5152100,livable.autos,available,1.8,19.98,high,low,7,namecheap,,,24/08/2026 07:42
334a56f4-c3e1-4191-9d78-88f272e4f050,coiling.autos,available,1.8,19.98,medium,low,7,namecheap,,,12/08/2026 16:09
80fbde7a-f6f6-4de9-b60e-2f5f31d63339,underground.autos,available,1.99,17.29,high,low,11,namesilo,,,26/09/2026 00:51